Month Total Usage-kwh,TNB Bill Total in RM
200,RM38.86
201,RM40.06
202,RM40.26
203,RM40.46
204,RM40.66
205,RM40.86
206,RM41.06
207,RM41.26
208,RM41.45
209,RM41.65
210,RM41.85
211,RM42.05
212,RM42.25
213,RM42.45
214,RM42.65
215,RM42.85
216,RM43.05
217,RM43.25
218,RM43.45
219,RM43.65
220,RM43.85
221,RM44.05
222,RM44.24
223,RM44.44
224,RM44.64
225,RM44.84
226,RM45.04
227,RM45.24
228,RM45.44
229,RM45.64
230,RM45.84
231,RM46.04
232,RM46.24
233,RM46.44
234,RM46.64
235,RM46.84
236,RM47.03
237,RM47.23
238,RM47.43
239,RM47.63
240,RM47.83
241,RM48.03
242,RM48.23
243,RM48.43
244,RM48.63
245,RM48.83
246,RM49.03
247,RM49.23
248,RM49.43
249,RM49.63
250,RM49.83
251,RM55.04
252,RM55.26
253,RM55.48
254,RM55.70
255,RM55.92
256,RM56.14
257,RM56.36
258,RM56.58
259,RM56.80
260,RM57.02
261,RM57.24
262,RM57.46
263,RM57.68
264,RM57.90
265,RM58.11
266,RM58.33
267,RM58.55
268,RM58.77
269,RM58.99
270,RM59.21
271,RM59.43
272,RM59.65
273,RM59.87
274,RM60.09
275,RM60.31
276,RM60.53
277,RM60.75
278,RM60.97
279,RM61.18
280,RM61.40
281,RM61.62
282,RM61.84
283,RM62.06
284,RM62.28
285,RM62.50
286,RM62.72
287,RM62.94
288,RM63.16
289,RM63.38
290,RM63.60
291,RM63.82
292,RM64.04
293,RM64.25
294,RM64.47
295,RM64.69
296,RM64.91
297,RM65.13
298,RM65.35
299,RM65.57
300,RM65.79
301,RM71.65
302,RM71.89
303,RM72.13
304,RM72.37
305,RM72.60
306,RM72.84
307,RM73.08
308,RM73.32
309,RM73.56
310,RM73.80
311,RM74.03
312,RM74.27
313,RM74.51
314,RM74.75
315,RM74.99
316,RM75.22
317,RM75.46
318,RM75.70
319,RM75.94
320,RM76.18
321,RM76.41
322,RM76.65
323,RM76.89
324,RM77.13
325,RM77.37
326,RM77.60
327,RM77.84
328,RM78.08
329,RM78.32
330,RM78.56
331,RM78.79
332,RM79.03
333,RM79.27
334,RM79.51
335,RM79.75
336,RM79.98
337,RM80.22
338,RM80.46
339,RM80.70
340,RM80.94
341,RM81.17
342,RM81.41
343,RM81.65
344,RM81.89
345,RM82.13
346,RM82.36
347,RM82.60
348,RM82.84
349,RM83.08
350,RM83.32
351,RM97.82
352,RM98.10
353,RM98.38
354,RM98.66
355,RM98.93
356,RM99.21
357,RM99.49
358,RM99.77
359,RM100.05
360,RM100.33
361,RM100.61
362,RM100.89
363,RM101.16
364,RM101.44
365,RM101.72
366,RM102.00
367,RM102.28
368,RM102.56
369,RM102.84
370,RM103.11
371,RM103.39
372,RM103.67
373,RM103.95
374,RM104.23
375,RM104.51
376,RM104.79
377,RM105.07
378,RM105.34
379,RM105.62
380,RM105.90
381,RM106.18
382,RM106.46
383,RM106.74
384,RM107.02
385,RM107.30
386,RM107.57
387,RM107.85
388,RM108.13
389,RM108.41
390,RM108.69
391,RM108.97
392,RM109.25
393,RM109.52
394,RM109.80
395,RM110.08
396,RM110.36
397,RM110.64
398,RM110.92
399,RM111.20
400,RM111.48
401,RM121.94
402,RM122.24
403,RM122.55
404,RM122.85
405,RM123.16
406,RM123.46
407,RM123.76
408,RM124.07
409,RM124.37
410,RM124.68
411,RM124.98
412,RM125.28
413,RM125.59
414,RM125.89
415,RM126.20
416,RM126.50
417,RM126.81
418,RM127.11
419,RM127.41
420,RM127.72
421,RM128.02
422,RM128.33
423,RM128.63
424,RM128.93
425,RM129.24
426,RM129.54
427,RM129.85
428,RM130.15
429,RM130.45
430,RM130.76
431,RM131.06
432,RM131.37
433,RM131.67
434,RM131.97
435,RM132.28
436,RM132.58
437,RM132.89
438,RM133.19
439,RM133.49
440,RM133.80
441,RM134.10
442,RM134.41
443,RM134.71
444,RM135.02
445,RM135.32
446,RM135.62
447,RM135.93
448,RM136.23
449,RM136.54
450,RM136.84
451,RM148.60
452,RM148.93
453,RM149.26
454,RM149.59
455,RM149.92
456,RM150.25
457,RM150.58
458,RM150.91
459,RM151.24
460,RM151.56
461,RM151.89
462,RM152.22
463,RM152.55
464,RM152.88
465,RM153.21
466,RM153.54
467,RM153.87
468,RM154.20
469,RM154.53
470,RM154.86
471,RM155.19
472,RM155.52
473,RM155.85
474,RM156.18
475,RM156.51
476,RM156.84
477,RM157.17
478,RM157.50
479,RM157.83
480,RM158.15
481,RM158.48
482,RM158.81
483,RM159.14
484,RM159.47
485,RM159.80
486,RM160.13
487,RM160.46
488,RM160.79
489,RM161.12
490,RM161.45
491,RM161.78
492,RM162.11
493,RM162.44
494,RM162.77
495,RM163.10
496,RM163.43
497,RM163.76
498,RM164.09
499,RM164.41
500,RM164.74
501,RM172.71
502,RM173.05
503,RM173.40
504,RM173.74
505,RM174.09
506,RM174.43
507,RM174.78
508,RM175.12
509,RM175.47
510,RM175.81
511,RM176.16
512,RM176.50
513,RM176.85
514,RM177.19
515,RM177.54
516,RM177.88
517,RM178.22
518,RM178.57
519,RM178.91
520,RM179.26
521,RM179.60
522,RM179.95
523,RM180.29
524,RM180.64
525,RM180.98
526,RM181.33
527,RM181.67
528,RM182.02
529,RM182.36
530,RM182.71
531,RM183.05
532,RM183.40
533,RM183.74
534,RM184.09
535,RM184.43
536,RM184.77
537,RM185.12
538,RM185.46
539,RM185.81
540,RM186.15
541,RM186.50
542,RM186.84
543,RM187.19
544,RM187.53
545,RM187.88
546,RM188.22
547,RM188.57
548,RM188.91
549,RM189.26
550,RM189.60
551,RM198.34
552,RM198.70
553,RM199.06
554,RM199.42
555,RM199.78
556,RM200.14
557,RM200.50
558,RM200.86
559,RM201.22
560,RM201.58
561,RM201.94
562,RM202.30
563,RM202.66
564,RM203.02
565,RM203.38
566,RM203.74
567,RM204.10
568,RM204.46
569,RM204.82
570,RM205.18
571,RM205.54
572,RM205.90
573,RM206.26
574,RM206.62
575,RM206.98
576,RM207.34
577,RM207.70
578,RM208.06
579,RM208.42
580,RM208.78
581,RM209.14
582,RM209.50
583,RM209.86
584,RM210.22
585,RM210.58
586,RM210.94
587,RM211.30
588,RM211.66
589,RM212.02
590,RM212.38
591,RM212.74
592,RM213.10
593,RM213.46
594,RM213.82
595,RM214.18
596,RM214.54
597,RM214.90
598,RM215.26
599,RM215.62
600,RM235.13
601,RM236.34
602,RM236.75
603,RM237.16
604,RM237.57
605,RM237.98
606,RM238.39
607,RM238.80
608,RM239.21
609,RM239.62
610,RM240.03
611,RM240.44
612,RM240.85
613,RM241.27
614,RM241.68
615,RM242.09
616,RM242.50
617,RM242.91
618,RM243.32
619,RM243.73
620,RM244.14
621,RM244.55
622,RM244.96
623,RM245.37
624,RM245.78
625,RM246.19
626,RM246.60
627,RM247.02
628,RM247.43
629,RM247.84
630,RM248.25
631,RM248.66
632,RM249.07
633,RM249.48
634,RM249.89
635,RM250.30
636,RM250.71
637,RM251.12
638,RM251.53
639,RM251.94
640,RM252.36
641,RM252.77
642,RM253.18
643,RM253.59
644,RM254.00
645,RM254.41
646,RM254.82
647,RM255.23
648,RM255.64
649,RM256.05
650,RM256.46
651,RM270.10
652,RM270.53
653,RM270.96
654,RM271.40
655,RM271.83
656,RM272.26
657,RM272.69
658,RM273.12
659,RM273.55
660,RM273.98
661,RM274.41
662,RM274.84
663,RM275.27
664,RM275.71
665,RM276.14
666,RM276.57
667,RM277.00
668,RM277.43
669,RM277.86
670,RM278.29
671,RM278.72
672,RM279.15
673,RM279.59
674,RM280.02
675,RM280.45
676,RM280.88
677,RM281.31
678,RM281.74
679,RM282.17
680,RM282.60
681,RM283.03
682,RM283.47
683,RM283.90
684,RM284.33
685,RM284.76
686,RM285.19
687,RM285.62
688,RM286.05
689,RM286.48
690,RM286.91
691,RM287.34
692,RM287.78
693,RM288.21
694,RM288.64
695,RM289.07
696,RM289.50
697,RM289.93
698,RM290.36
699,RM290.79
700,RM291.22
701,RM298.78
702,RM299.22
703,RM299.66
704,RM300.10
705,RM300.54
706,RM300.98
707,RM301.43
708,RM301.87
709,RM302.31
710,RM302.75
711,RM303.19
712,RM303.63
713,RM304.07
714,RM304.51
715,RM304.96
716,RM305.40
717,RM305.84
718,RM306.28
719,RM306.72
720,RM307.16
721,RM307.60
722,RM308.04
723,RM308.48
724,RM308.93
725,RM309.37
726,RM309.81
727,RM310.25
728,RM310.69
729,RM311.13
730,RM311.57
731,RM312.01
732,RM312.46
733,RM312.90
734,RM313.34
735,RM313.78
736,RM314.22
737,RM314.66
738,RM315.10
739,RM315.54
740,RM315.99
741,RM316.43
742,RM316.87
743,RM317.31
744,RM317.75
745,RM318.19
746,RM318.63
747,RM319.07
748,RM319.52
749,RM319.96
750,RM320.40
751,RM324.65
752,RM325.10
753,RM325.55
754,RM325.99
755,RM326.44
756,RM326.89
757,RM327.33
758,RM327.78
759,RM328.23
760,RM328.67
761,RM329.12
762,RM329.56
763,RM330.01
764,RM330.46
765,RM330.90
766,RM331.35
767,RM331.80
768,RM332.24
769,RM332.69
770,RM333.13
771,RM333.58
772,RM334.03
773,RM334.47
774,RM334.92
775,RM335.37
776,RM335.81
777,RM336.26
778,RM336.70
779,RM337.15
780,RM337.60
781,RM338.04
782,RM338.49
783,RM338.94
784,RM339.38
785,RM339.83
786,RM340.28
787,RM340.72
788,RM341.17
789,RM341.61
790,RM342.06
791,RM342.51
792,RM342.95
793,RM343.40
794,RM343.85
795,RM344.29
796,RM344.74
797,RM345.18
798,RM345.63
799,RM346.08
800,RM346.52
801,RM359.18
802,RM359.64
803,RM360.10
804,RM360.56
805,RM361.02
806,RM361.49
807,RM361.95
808,RM362.41
809,RM362.87
810,RM363.33
811,RM363.79
812,RM364.25
813,RM364.72
814,RM365.18
815,RM365.64
816,RM366.10
817,RM366.56
818,RM367.02
819,RM367.49
820,RM367.95
821,RM368.41
822,RM368.87
823,RM369.33
824,RM369.79
825,RM370.25
826,RM370.72
827,RM371.18
828,RM371.64
829,RM372.10
830,RM372.56
831,RM373.02
832,RM373.49
833,RM373.95
834,RM374.41
835,RM374.87
836,RM375.33
837,RM375.79
838,RM376.25
839,RM376.72
840,RM377.18
841,RM377.64
842,RM378.10
843,RM378.56
844,RM379.02
845,RM379.49
846,RM379.95
847,RM380.41
848,RM380.87
849,RM381.33
850,RM381.79
851,RM395.22
852,RM395.70
853,RM396.18
854,RM396.65
855,RM397.13
856,RM397.61
857,RM398.09
858,RM398.56
859,RM399.04
860,RM399.52
861,RM399.99
862,RM400.47
863,RM400.95
864,RM401.42
865,RM401.90
866,RM402.38
867,RM402.85
868,RM403.33
869,RM403.81
870,RM404.28
871,RM404.76
872,RM405.24
873,RM405.71
874,RM406.19
875,RM406.67
876,RM407.14
877,RM407.62
878,RM408.10
879,RM408.57
880,RM409.05
881,RM409.53
882,RM410.00
883,RM410.48
884,RM410.96
885,RM411.44
886,RM411.91
887,RM412.39
888,RM412.87
889,RM413.34
890,RM413.82
891,RM414.30
892,RM414.77
893,RM415.25
894,RM415.73
895,RM416.20
896,RM416.68
897,RM417.16
898,RM417.63
899,RM418.11
900,RM418.59
901,RM423.64
902,RM424.12
903,RM424.60
904,RM425.09
905,RM425.57
906,RM426.05
907,RM426.53
908,RM427.01
909,RM427.50
910,RM427.98
911,RM428.46
912,RM428.94
913,RM429.42
914,RM429.91
915,RM430.39
916,RM430.87
917,RM431.35
918,RM431.83
919,RM432.31
920,RM432.80
921,RM433.28
922,RM433.76
923,RM434.24
924,RM434.72
925,RM435.21
926,RM435.69
927,RM436.17
928,RM436.65
929,RM437.13
930,RM437.62
931,RM438.10
932,RM438.58
933,RM439.06
934,RM439.54
935,RM440.02
936,RM440.51
937,RM440.99
938,RM441.47
939,RM441.95
940,RM442.43
941,RM442.92
942,RM443.40
943,RM443.88
944,RM444.36
945,RM444.84
946,RM445.33
947,RM445.81
948,RM446.29
949,RM446.77
950,RM447.25
951,RM447.73
952,RM448.22
953,RM448.70
954,RM449.18
955,RM449.66
956,RM450.14
957,RM450.63
958,RM451.11
959,RM451.59
960,RM452.07
961,RM452.55
962,RM453.04
963,RM453.52
964,RM454.00
965,RM454.48
966,RM454.96
967,RM455.44
968,RM455.93
969,RM456.41
970,RM456.89
971,RM457.37
972,RM457.85
973,RM458.34
974,RM458.82
975,RM459.30
976,RM459.78
977,RM460.26
978,RM460.75
979,RM461.23
980,RM461.71
981,RM462.19
982,RM462.67
983,RM463.15
984,RM463.64
985,RM464.12
986,RM464.60
987,RM465.08
988,RM465.56
989,RM466.05
990,RM466.53
991,RM467.01
992,RM467.49
993,RM467.97
994,RM468.46
995,RM468.94
996,RM469.42
997,RM469.90
998,RM470.38
999,RM470.86
1000,RM471.35
1001,RM476.91
1002,RM477.40
1003,RM477.89
1004,RM478.37
1005,RM478.86
1006,RM479.35
1007,RM479.84
1008,RM480.32
1009,RM480.81
1010,RM481.30
1011,RM481.78
1012,RM482.27
1013,RM482.76
1014,RM483.24
1015,RM483.73
1016,RM484.22
1017,RM484.70
1018,RM485.19
1019,RM485.68
1020,RM486.17
1021,RM486.65
1022,RM487.14
1023,RM487.63
1024,RM488.11
1025,RM488.60
1026,RM489.09
1027,RM489.57
1028,RM490.06
1029,RM490.55
1030,RM491.03
1031,RM491.52
1032,RM492.01
1033,RM492.50
1034,RM492.98
1035,RM493.47
1036,RM493.96
1037,RM494.44
1038,RM494.93
1039,RM495.42
1040,RM495.90
1041,RM496.39
1042,RM496.88
1043,RM497.37
1044,RM497.85
1045,RM498.34
1046,RM498.83
1047,RM499.31
1048,RM499.80
1049,RM500.29
1050,RM500.77
1051,RM501.26
1052,RM501.75
1053,RM502.23
1054,RM502.72
1055,RM503.21
1056,RM503.70
1057,RM504.18
1058,RM504.67
1059,RM505.16
1060,RM505.64
1061,RM506.13
1062,RM506.62
1063,RM507.10
1064,RM507.59
1065,RM508.08
1066,RM508.57
1067,RM509.05
1068,RM509.54
1069,RM510.03
1070,RM510.51
1071,RM511.00
1072,RM511.49
1073,RM511.97
1074,RM512.46
1075,RM512.95
1076,RM513.43
1077,RM513.92
1078,RM514.41
1079,RM514.90
1080,RM515.38
1081,RM515.87
1082,RM516.36
1083,RM516.84
1084,RM517.33
1085,RM517.82
1086,RM518.30
1087,RM518.79
1088,RM519.28
1089,RM519.77
1090,RM520.25
1091,RM520.74
1092,RM521.23
1093,RM521.71
1094,RM522.20
1095,RM522.69
1096,RM523.17
1097,RM523.66
1098,RM524.15
1099,RM524.63
1100,RM525.12
1101,RM525.61
1102,RM526.10
1103,RM526.58
1104,RM527.07
1105,RM527.56
1106,RM528.04
1107,RM528.53
1108,RM529.02
1109,RM529.50
1110,RM529.99
1111,RM530.48
1112,RM530.97
1113,RM531.45
1114,RM531.94
1115,RM532.43
1116,RM532.91
1117,RM533.40
1118,RM533.89
1119,RM534.37
1120,RM534.86
1121,RM535.35
1122,RM535.83
1123,RM536.32
1124,RM536.81
1125,RM537.30
1126,RM537.78
1127,RM538.27
1128,RM538.76
1129,RM539.24
1130,RM539.73
1131,RM540.22
1132,RM540.70
1133,RM541.19
1134,RM541.68
1135,RM542.17
1136,RM542.65
1137,RM543.14
1138,RM543.63
1139,RM544.11
1140,RM544.60
1141,RM545.09
1142,RM545.57
1143,RM546.06
1144,RM546.55
1145,RM547.03
1146,RM547.52
1147,RM548.01
1148,RM548.50
1149,RM548.98
1150,RM549.47
1151,RM549.96
1152,RM550.44
1153,RM550.93
1154,RM551.42
1155,RM551.90
1156,RM552.39
1157,RM552.88
1158,RM553.36
1159,RM553.85
1160,RM554.34
1161,RM554.83
1162,RM555.31
1163,RM555.80
1164,RM556.29
1165,RM556.77
1166,RM557.26
1167,RM557.75
1168,RM558.23
1169,RM558.72
1170,RM559.21
1171,RM559.70
1172,RM560.18
1173,RM560.67
1174,RM561.16
1175,RM561.64
1176,RM562.13
1177,RM562.62
1178,RM563.10
1179,RM563.59
1180,RM564.08
1181,RM564.56
1182,RM565.05
1183,RM565.54
1184,RM566.03
1185,RM566.51
1186,RM567.00
1187,RM567.49
1188,RM567.97
1189,RM568.46
1190,RM568.95
1191,RM569.43
1192,RM569.92
1193,RM570.41
1194,RM570.90
1195,RM571.38
1196,RM571.87
1197,RM572.36
1198,RM572.84
1199,RM573.33
1200,RM573.82
1201,RM574.30
1202,RM574.79
1203,RM575.28
1204,RM575.76
1205,RM576.25
1206,RM576.74
1207,RM577.23
1208,RM577.71
1209,RM578.20
1210,RM578.69
1211,RM579.17
1212,RM579.66
1213,RM580.15
1214,RM580.63
1215,RM581.12
1216,RM581.61
1217,RM582.10
1218,RM582.58
1219,RM583.07
1220,RM583.56
1221,RM584.04
1222,RM584.53
1223,RM585.02
1224,RM585.50
1225,RM585.99
1226,RM586.48
1227,RM586.96
1228,RM587.45
1229,RM587.94
1230,RM588.43
1231,RM588.91
1232,RM589.40
1233,RM589.89
1234,RM590.37
1235,RM590.86
1236,RM591.35
1237,RM591.83
1238,RM592.32
1239,RM592.81
1240,RM593.30
1241,RM593.78
1242,RM594.27
1243,RM594.76
1244,RM595.24
1245,RM595.73
1246,RM596.22
1247,RM596.70
1248,RM597.19
1249,RM597.68
1250,RM598.16
1251,RM598.65
1252,RM599.14
1253,RM599.63
1254,RM600.11
1255,RM600.60
1256,RM601.09
1257,RM601.57
1258,RM602.06
1259,RM602.55
1260,RM603.03
1261,RM603.52
1262,RM604.01
1263,RM604.49
1264,RM604.98
1265,RM605.47
1266,RM605.96
1267,RM606.44
1268,RM606.93
1269,RM607.42
1270,RM607.90
1271,RM608.39
1272,RM608.88
1273,RM609.36
1274,RM609.85
1275,RM610.34
1276,RM610.83
1277,RM611.31
1278,RM611.80
1279,RM612.29
1280,RM612.77
1281,RM613.26
1282,RM613.75
1283,RM614.23
1284,RM614.72
1285,RM615.21
1286,RM615.69
1287,RM616.18
1288,RM616.67
1289,RM617.16
1290,RM617.64
1291,RM618.13
1292,RM618.62
1293,RM619.10
1294,RM619.59
1295,RM620.08
1296,RM620.56
1297,RM621.05
1298,RM621.54
1299,RM622.03
1300,RM622.51
1301,RM623.00
1302,RM623.49
1303,RM623.97
1304,RM624.46
1305,RM624.95
1306,RM625.43
1307,RM625.92
1308,RM626.41
1309,RM626.89
1310,RM627.38
1311,RM627.87
1312,RM628.36
1313,RM628.84
1314,RM629.33
1315,RM629.82
1316,RM630.30
1317,RM630.79
1318,RM631.28
1319,RM631.76
1320,RM632.25
1321,RM632.74
1322,RM633.23
1323,RM633.71
1324,RM634.20
1325,RM634.69
1326,RM635.17
1327,RM635.66
1328,RM636.15
1329,RM636.63
1330,RM637.12
1331,RM637.61
1332,RM638.09
1333,RM638.58
1334,RM639.07
1335,RM639.56
1336,RM640.04
1337,RM640.53
1338,RM641.02
1339,RM641.50
1340,RM641.99
1341,RM642.48
1342,RM642.96
1343,RM643.45
1344,RM643.94
1345,RM644.43
1346,RM644.91
1347,RM645.40
1348,RM645.89
1349,RM646.37
1350,RM646.86
1351,RM647.35
1352,RM647.83
1353,RM648.32
1354,RM648.81
1355,RM649.29
1356,RM649.78
1357,RM650.27
1358,RM650.76
1359,RM651.24
1360,RM651.73
1361,RM652.22
1362,RM652.70
1363,RM653.19
1364,RM653.68
1365,RM654.16
1366,RM654.65
1367,RM655.14
1368,RM655.63
1369,RM656.11
1370,RM656.60
1371,RM657.09
1372,RM657.57
1373,RM658.06
1374,RM658.55
1375,RM659.03
1376,RM659.52
1377,RM660.01
1378,RM660.49
1379,RM660.98
1380,RM661.47
1381,RM661.96
1382,RM662.44
1383,RM662.93
1384,RM663.42
1385,RM663.90
1386,RM664.39
1387,RM664.88
1388,RM665.36
1389,RM665.85
1390,RM666.34
1391,RM666.82
1392,RM667.31
1393,RM667.80
1394,RM668.29
1395,RM668.77
1396,RM669.26
1397,RM669.75
1398,RM670.23
1399,RM670.72
1400,RM671.21
1401,RM671.69
1402,RM672.18
1403,RM672.67
1404,RM673.16
1405,RM673.64
1406,RM674.13
1407,RM674.62
1408,RM675.10
1409,RM675.59
1410,RM676.08
1411,RM676.56
1412,RM677.05
1413,RM677.54
1414,RM678.02
1415,RM678.51
1416,RM679.00
1417,RM679.49
1418,RM679.97
1419,RM680.46
1420,RM680.95
1421,RM681.43
1422,RM681.92
1423,RM682.41
1424,RM682.89
1425,RM683.38
1426,RM683.87
1427,RM684.36
1428,RM684.84
1429,RM685.33
1430,RM685.82
1431,RM686.30
1432,RM686.79
1433,RM687.28
1434,RM687.76
1435,RM688.25
1436,RM688.74
1437,RM689.22
1438,RM689.71
1439,RM690.20
1440,RM690.69
1441,RM691.17
1442,RM691.66
1443,RM692.15
1444,RM692.63
1445,RM693.12
1446,RM693.61
1447,RM694.09
1448,RM694.58
1449,RM695.07
1450,RM695.56
1451,RM696.04
1452,RM696.53
1453,RM697.02
1454,RM697.50
1455,RM697.99
1456,RM698.48
1457,RM698.96
1458,RM699.45
1459,RM699.94
1460,RM700.42
1461,RM700.91
1462,RM701.40
1463,RM701.89
1464,RM702.37
1465,RM702.86
1466,RM703.35
1467,RM703.83
1468,RM704.32
1469,RM704.81
1470,RM705.29
1471,RM705.78
1472,RM706.27
1473,RM706.76
1474,RM707.24
1475,RM707.73
1476,RM708.22
1477,RM708.70
1478,RM709.19
1479,RM709.68
1480,RM710.16
1481,RM710.65
1482,RM711.14
1483,RM711.62
1484,RM712.11
1485,RM712.60
1486,RM713.09
1487,RM713.57
1488,RM714.06
1489,RM714.55
1490,RM715.03
1491,RM715.52
1492,RM716.01
1493,RM716.49
1494,RM716.98
1495,RM717.47
1496,RM717.95
1497,RM718.44
1498,RM718.93
1499,RM719.42
1500,RM719.90
1501,RM880.10
1502,RM880.70
1503,RM881.29
1504,RM881.89
1505,RM882.49
1506,RM883.08
1507,RM883.68
1508,RM884.28
1509,RM884.87
1510,RM885.47
1511,RM886.06
1512,RM886.66
1513,RM887.26
1514,RM887.85
1515,RM888.45
1516,RM889.05
1517,RM889.64
1518,RM890.24
1519,RM890.84
1520,RM891.43
1521,RM892.03
1522,RM892.63
1523,RM893.22
1524,RM893.82
1525,RM894.42
1526,RM895.01
1527,RM895.61
1528,RM896.21
1529,RM896.80
1530,RM897.40
1531,RM898.00
1532,RM898.59
1533,RM899.19
1534,RM899.79
1535,RM900.38
1536,RM900.98
1537,RM901.58
1538,RM902.17
1539,RM902.77
1540,RM903.36
1541,RM903.96
1542,RM904.56
1543,RM905.15
1544,RM905.75
1545,RM906.35
1546,RM906.94
1547,RM907.54
1548,RM908.14
1549,RM908.73
1550,RM909.33
1551,RM909.93
1552,RM910.52
1553,RM911.12
1554,RM911.72
1555,RM912.31
1556,RM912.91
1557,RM913.51
1558,RM914.10
1559,RM914.70
1560,RM915.30
1561,RM915.89
1562,RM916.49
1563,RM917.09
1564,RM917.68
1565,RM918.28
1566,RM918.88
1567,RM919.47
1568,RM920.07
1569,RM920.66
1570,RM921.26
1571,RM921.86
1572,RM922.45
1573,RM923.05
1574,RM923.65
1575,RM924.24
1576,RM924.84
1577,RM925.44
1578,RM926.03
1579,RM926.63
1580,RM927.23
1581,RM927.82
1582,RM928.42
1583,RM929.02
1584,RM929.61
1585,RM930.21
1586,RM930.81
1587,RM931.40
1588,RM932.00
1589,RM932.60
1590,RM933.19
1591,RM933.79
1592,RM934.39
1593,RM934.98
1594,RM935.58
1595,RM936.18
1596,RM936.77
1597,RM937.37
1598,RM937.96
1599,RM938.56
1600,RM939.16
1601,RM939.75
1602,RM940.35
1603,RM940.95
1604,RM941.54
1605,RM942.14
1606,RM942.74
1607,RM943.33
1608,RM943.93
1609,RM944.53
1610,RM945.12
1611,RM945.72
1612,RM946.32
1613,RM946.91
1614,RM947.51
1615,RM948.11
1616,RM948.70
1617,RM949.30
1618,RM949.90
1619,RM950.49
1620,RM951.09
1621,RM951.69
1622,RM952.28
1623,RM952.88
1624,RM953.48
1625,RM954.07
1626,RM954.67
1627,RM955.27
1628,RM955.86
1629,RM956.46
1630,RM957.05
1631,RM957.65
1632,RM958.25
1633,RM958.84
1634,RM959.44
1635,RM960.04
1636,RM960.63
1637,RM961.23
1638,RM961.83
1639,RM962.42
1640,RM963.02
1641,RM963.62
1642,RM964.21
1643,RM964.81
1644,RM965.41
1645,RM966.00
1646,RM966.60
1647,RM967.20
1648,RM967.79
1649,RM968.39
1650,RM968.99
1651,RM969.58
1652,RM970.18
1653,RM970.78
1654,RM971.37
1655,RM971.97
1656,RM972.57
1657,RM973.16
1658,RM973.76
1659,RM974.35
1660,RM974.95
1661,RM975.55
1662,RM976.14
1663,RM976.74
1664,RM977.34
1665,RM977.93
1666,RM978.53
1667,RM979.13
1668,RM979.72
1669,RM980.32
1670,RM980.92
1671,RM981.51
1672,RM982.11
1673,RM982.71
1674,RM983.30
1675,RM983.90
1676,RM984.50
1677,RM985.09
1678,RM985.69
1679,RM986.29
1680,RM986.88
1681,RM987.48
1682,RM988.08
1683,RM988.67
1684,RM989.27
1685,RM989.87
1686,RM990.46
1687,RM991.06
1688,RM991.65
1689,RM992.25
1690,RM992.85
1691,RM993.44
1692,RM994.04
1693,RM994.64
1694,RM995.23
1695,RM995.83
1696,RM996.43
1697,RM997.02
1698,RM997.62
1699,RM998.22
1700,RM998.81
1701,RM999.41
1702,"RM1,000.01"
1703,"RM1,000.60"
1704,"RM1,001.20"
1705,"RM1,001.80"
1706,"RM1,002.39"
1707,"RM1,002.99"
1708,"RM1,003.59"
1709,"RM1,004.18"
1710,"RM1,004.78"
1711,"RM1,005.38"
1712,"RM1,005.97"
1713,"RM1,006.57"
1714,"RM1,007.17"
1715,"RM1,007.76"
1716,"RM1,008.36"
1717,"RM1,008.95"
1718,"RM1,009.55"
1719,"RM1,010.15"
1720,"RM1,010.74"
1721,"RM1,011.34"
1722,"RM1,011.94"
1723,"RM1,012.53"
1724,"RM1,013.13"
1725,"RM1,013.73"
1726,"RM1,014.32"
1727,"RM1,014.92"
1728,"RM1,015.52"
1729,"RM1,016.11"
1730,"RM1,016.71"
1731,"RM1,017.31"
1732,"RM1,017.90"
1733,"RM1,018.50"
1734,"RM1,019.10"
1735,"RM1,019.69"
1736,"RM1,020.29"
1737,"RM1,020.89"
1738,"RM1,021.48"
1739,"RM1,022.08"
1740,"RM1,022.68"
1741,"RM1,023.27"
1742,"RM1,023.87"
1743,"RM1,024.47"
1744,"RM1,025.06"
1745,"RM1,025.66"
1746,"RM1,026.25"
1747,"RM1,026.85"
1748,"RM1,027.45"
1749,"RM1,028.04"
1750,"RM1,028.64"
1751,"RM1,029.24"
1752,"RM1,029.83"
1753,"RM1,030.43"
1754,"RM1,031.03"
1755,"RM1,031.62"
1756,"RM1,032.22"
1757,"RM1,032.82"
1758,"RM1,033.41"
1759,"RM1,034.01"
1760,"RM1,034.61"
1761,"RM1,035.20"
1762,"RM1,035.80"
1763,"RM1,036.40"
1764,"RM1,036.99"
1765,"RM1,037.59"
1766,"RM1,038.19"
1767,"RM1,038.78"
1768,"RM1,039.38"
1769,"RM1,039.98"
1770,"RM1,040.57"
1771,"RM1,041.17"
1772,"RM1,041.77"
1773,"RM1,042.36"
1774,"RM1,042.96"
1775,"RM1,043.55"
1776,"RM1,044.15"
1777,"RM1,044.75"
1778,"RM1,045.34"
1779,"RM1,045.94"
1780,"RM1,046.54"
1781,"RM1,047.13"
1782,"RM1,047.73"
1783,"RM1,048.33"
1784,"RM1,048.92"
1785,"RM1,049.52"
1786,"RM1,050.12"
1787,"RM1,050.71"
1788,"RM1,051.31"
1789,"RM1,051.91"
1790,"RM1,052.50"
1791,"RM1,053.10"
1792,"RM1,053.70"
1793,"RM1,054.29"
1794,"RM1,054.89"
1795,"RM1,055.49"
1796,"RM1,056.08"
1797,"RM1,056.68"
1798,"RM1,057.28"
1799,"RM1,057.87"
1800,"RM1,058.47"
1801,"RM1,059.07"
1802,"RM1,059.66"
1803,"RM1,060.26"
1804,"RM1,060.85"
1805,"RM1,061.45"
1806,"RM1,062.05"
1807,"RM1,062.64"
1808,"RM1,063.24"
1809,"RM1,063.84"
1810,"RM1,064.43"
1811,"RM1,065.03"
1812,"RM1,065.63"
1813,"RM1,066.22"
1814,"RM1,066.82"
1815,"RM1,067.42"
1816,"RM1,068.01"
1817,"RM1,068.61"
1818,"RM1,069.21"
1819,"RM1,069.80"
1820,"RM1,070.40"
1821,"RM1,071.00"
1822,"RM1,071.59"
1823,"RM1,072.19"
1824,"RM1,072.79"
1825,"RM1,073.38"
1826,"RM1,073.98"
1827,"RM1,074.58"
1828,"RM1,075.17"
1829,"RM1,075.77"
1830,"RM1,076.37"
1831,"RM1,076.96"
1832,"RM1,077.56"
1833,"RM1,078.15"
1834,"RM1,078.75"
1835,"RM1,079.35"
1836,"RM1,079.94"
1837,"RM1,080.54"
1838,"RM1,081.14"
1839,"RM1,081.73"
1840,"RM1,082.33"
1841,"RM1,082.93"
1842,"RM1,083.52"
1843,"RM1,084.12"
1844,"RM1,084.72"
1845,"RM1,085.31"
1846,"RM1,085.91"
1847,"RM1,086.51"
1848,"RM1,087.10"
1849,"RM1,087.70"
1850,"RM1,088.30"
1851,"RM1,088.89"
1852,"RM1,089.49"
1853,"RM1,090.09"
1854,"RM1,090.68"
1855,"RM1,091.28"
1856,"RM1,091.88"
1857,"RM1,092.47"
1858,"RM1,093.07"
1859,"RM1,093.67"
1860,"RM1,094.26"
1861,"RM1,094.86"
1862,"RM1,095.45"
1863,"RM1,096.05"
1864,"RM1,096.65"
1865,"RM1,097.24"
1866,"RM1,097.84"
1867,"RM1,098.44"
1868,"RM1,099.03"
1869,"RM1,099.63"
1870,"RM1,100.23"
1871,"RM1,100.82"
1872,"RM1,101.42"
1873,"RM1,102.02"
1874,"RM1,102.61"
1875,"RM1,103.21"
1876,"RM1,103.81"
1877,"RM1,104.40"
1878,"RM1,105.00"
1879,"RM1,105.60"
1880,"RM1,106.19"
1881,"RM1,106.79"
1882,"RM1,107.39"
1883,"RM1,107.98"
1884,"RM1,108.58"
1885,"RM1,109.18"
1886,"RM1,109.77"
1887,"RM1,110.37"
1888,"RM1,110.97"
1889,"RM1,111.56"
1890,"RM1,112.16"
1891,"RM1,112.75"
1892,"RM1,113.35"
1893,"RM1,113.95"
1894,"RM1,114.54"
1895,"RM1,115.14"
1896,"RM1,115.74"
1897,"RM1,116.33"
1898,"RM1,116.93"
1899,"RM1,117.53"
1900,"RM1,118.12"
1901,"RM1,118.72"
1902,"RM1,119.32"
1903,"RM1,119.91"
1904,"RM1,120.51"
1905,"RM1,121.11"
1906,"RM1,121.70"
1907,"RM1,122.30"
1908,"RM1,122.90"
1909,"RM1,123.49"
1910,"RM1,124.09"
1911,"RM1,124.69"
1912,"RM1,125.28"
1913,"RM1,125.88"
1914,"RM1,126.48"
1915,"RM1,127.07"
1916,"RM1,127.67"
1917,"RM1,128.27"
1918,"RM1,128.86"
1919,"RM1,129.46"
1920,"RM1,130.05"
1921,"RM1,130.65"
1922,"RM1,131.25"
1923,"RM1,131.84"
1924,"RM1,132.44"
1925,"RM1,133.04"
1926,"RM1,133.63"
1927,"RM1,134.23"
1928,"RM1,134.83"
1929,"RM1,135.42"
1930,"RM1,136.02"
1931,"RM1,136.62"
1932,"RM1,137.21"
1933,"RM1,137.81"
1934,"RM1,138.41"
1935,"RM1,139.00"
1936,"RM1,139.60"
1937,"RM1,140.20"
1938,"RM1,140.79"
1939,"RM1,141.39"
1940,"RM1,141.99"
1941,"RM1,142.58"
1942,"RM1,143.18"
1943,"RM1,143.78"
1944,"RM1,144.37"
1945,"RM1,144.97"
1946,"RM1,145.57"
1947,"RM1,146.16"
1948,"RM1,146.76"
1949,"RM1,147.36"
1950,"RM1,147.95"
1951,"RM1,148.55"
1952,"RM1,149.14"
1953,"RM1,149.74"
1954,"RM1,150.34"
1955,"RM1,150.93"
1956,"RM1,151.53"
1957,"RM1,152.13"
1958,"RM1,152.72"
1959,"RM1,153.32"
1960,"RM1,153.92"
1961,"RM1,154.51"
1962,"RM1,155.11"
1963,"RM1,155.71"
1964,"RM1,156.30"
1965,"RM1,156.90"
1966,"RM1,157.50"
1967,"RM1,158.09"
1968,"RM1,158.69"
1969,"RM1,159.29"
1970,"RM1,159.88"
1971,"RM1,160.48"
1972,"RM1,161.08"
1973,"RM1,161.67"
1974,"RM1,162.27"
1975,"RM1,162.87"
1976,"RM1,163.46"
1977,"RM1,164.06"
1978,"RM1,164.66"
1979,"RM1,165.25"
1980,"RM1,165.85"
1981,"RM1,166.44"
1982,"RM1,167.04"
1983,"RM1,167.64"
1984,"RM1,168.23"
1985,"RM1,168.83"
1986,"RM1,169.43"
1987,"RM1,170.02"
1988,"RM1,170.62"
1989,"RM1,171.22"
1990,"RM1,171.81"
1991,"RM1,172.41"
1992,"RM1,173.01"
1993,"RM1,173.60"
1994,"RM1,174.20"
1995,"RM1,174.80"
1996,"RM1,175.39"
1997,"RM1,175.99"
1998,"RM1,176.59"
1999,"RM1,177.18"
2000,"RM1,177.78"
2001,"RM1,178.38"
2002,"RM1,178.97"
2003,"RM1,179.57"
2004,"RM1,180.17"
2005,"RM1,180.76"
2006,"RM1,181.36"
2007,"RM1,181.96"
2008,"RM1,182.55"
2009,"RM1,183.15"
2010,"RM1,183.74"
2011,"RM1,184.34"
2012,"RM1,184.94"
2013,"RM1,185.53"
2014,"RM1,186.13"
2015,"RM1,186.73"
2016,"RM1,187.32"
2017,"RM1,187.92"
2018,"RM1,188.52"
2019,"RM1,189.11"
2020,"RM1,189.71"
2021,"RM1,190.31"
2022,"RM1,190.90"
2023,"RM1,191.50"
2024,"RM1,192.10"
2025,"RM1,192.69"
2026,"RM1,193.29"
2027,"RM1,193.89"
2028,"RM1,194.48"
2029,"RM1,195.08"
2030,"RM1,195.68"
2031,"RM1,196.27"
2032,"RM1,196.87"
2033,"RM1,197.47"
2034,"RM1,198.06"
2035,"RM1,198.66"
2036,"RM1,199.26"
2037,"RM1,199.85"
2038,"RM1,200.45"
2039,"RM1,201.04"
2040,"RM1,201.64"
2041,"RM1,202.24"
2042,"RM1,202.83"
2043,"RM1,203.43"
2044,"RM1,204.03"
2045,"RM1,204.62"
2046,"RM1,205.22"
2047,"RM1,205.82"
2048,"RM1,206.41"
2049,"RM1,207.01"
2050,"RM1,207.61"
2051,"RM1,208.20"
2052,"RM1,208.80"
2053,"RM1,209.40"
2054,"RM1,209.99"
2055,"RM1,210.59"
2056,"RM1,211.19"
2057,"RM1,211.78"
2058,"RM1,212.38"
2059,"RM1,212.98"
2060,"RM1,213.57"
2061,"RM1,214.17"
2062,"RM1,214.77"
2063,"RM1,215.36"
2064,"RM1,215.96"
2065,"RM1,216.56"
2066,"RM1,217.15"
2067,"RM1,217.75"
2068,"RM1,218.34"
2069,"RM1,218.94"
2070,"RM1,219.54"
2071,"RM1,220.13"
2072,"RM1,220.73"
2073,"RM1,221.33"
2074,"RM1,221.92"
2075,"RM1,222.52"
2076,"RM1,223.12"
2077,"RM1,223.71"
2078,"RM1,224.31"
2079,"RM1,224.91"
2080,"RM1,225.50"
2081,"RM1,226.10"
2082,"RM1,226.70"
2083,"RM1,227.29"
2084,"RM1,227.89"
2085,"RM1,228.49"
2086,"RM1,229.08"
2087,"RM1,229.68"
2088,"RM1,230.28"
2089,"RM1,230.87"
2090,"RM1,231.47"
2091,"RM1,232.07"
2092,"RM1,232.66"
2093,"RM1,233.26"
2094,"RM1,233.86"
2095,"RM1,234.45"
2096,"RM1,235.05"
2097,"RM1,235.64"
2098,"RM1,236.24"
2099,"RM1,236.84"
2100,"RM1,237.43"
2101,"RM1,238.03"
2102,"RM1,238.63"
2103,"RM1,239.22"
2104,"RM1,239.82"
2105,"RM1,240.42"
2106,"RM1,241.01"
2107,"RM1,241.61"
2108,"RM1,242.21"
2109,"RM1,242.80"
2110,"RM1,243.40"
2111,"RM1,244.00"
2112,"RM1,244.59"
2113,"RM1,245.19"
2114,"RM1,245.79"
2115,"RM1,246.38"
2116,"RM1,246.98"
2117,"RM1,247.58"
2118,"RM1,248.17"
2119,"RM1,248.77"
2120,"RM1,249.37"
2121,"RM1,249.96"
2122,"RM1,250.56"
2123,"RM1,251.16"
2124,"RM1,251.75"
2125,"RM1,252.35"
2126,"RM1,252.94"
2127,"RM1,253.54"
2128,"RM1,254.14"
2129,"RM1,254.73"
2130,"RM1,255.33"
2131,"RM1,255.93"
2132,"RM1,256.52"
2133,"RM1,257.12"
2134,"RM1,257.72"
2135,"RM1,258.31"
2136,"RM1,258.91"
2137,"RM1,259.51"
2138,"RM1,260.10"
2139,"RM1,260.70"
2140,"RM1,261.30"
2141,"RM1,261.89"
2142,"RM1,262.49"
2143,"RM1,263.09"
2144,"RM1,263.68"
2145,"RM1,264.28"
2146,"RM1,264.88"
2147,"RM1,265.47"
2148,"RM1,266.07"
2149,"RM1,266.67"
2150,"RM1,267.26"
2151,"RM1,267.86"
2152,"RM1,268.46"
2153,"RM1,269.05"
2154,"RM1,269.65"
2155,"RM1,270.24"
2156,"RM1,270.84"
2157,"RM1,271.44"
2158,"RM1,272.03"
2159,"RM1,272.63"
2160,"RM1,273.23"
2161,"RM1,273.82"
2162,"RM1,274.42"
2163,"RM1,275.02"
2164,"RM1,275.61"
2165,"RM1,276.21"
2166,"RM1,276.81"
2167,"RM1,277.40"
2168,"RM1,278.00"
2169,"RM1,278.60"
2170,"RM1,279.19"
2171,"RM1,279.79"
2172,"RM1,280.39"
2173,"RM1,280.98"
2174,"RM1,281.58"
2175,"RM1,282.18"
2176,"RM1,282.77"
2177,"RM1,283.37"
2178,"RM1,283.97"
2179,"RM1,284.56"
2180,"RM1,285.16"
2181,"RM1,285.76"
2182,"RM1,286.35"
2183,"RM1,286.95"
2184,"RM1,287.54"
2185,"RM1,288.14"
2186,"RM1,288.74"
2187,"RM1,289.33"
2188,"RM1,289.93"
2189,"RM1,290.53"
2190,"RM1,291.12"
2191,"RM1,291.72"
2192,"RM1,292.32"
2193,"RM1,292.91"
2194,"RM1,293.51"
2195,"RM1,294.11"
2196,"RM1,294.70"
2197,"RM1,295.30"
2198,"RM1,295.90"
2199,"RM1,296.49"
2200,"RM1,297.09"
2201,"RM1,297.69"
2202,"RM1,298.28"
2203,"RM1,298.88"
2204,"RM1,299.48"
2205,"RM1,300.07"
2206,"RM1,300.67"
2207,"RM1,301.27"
2208,"RM1,301.86"
2209,"RM1,302.46"
2210,"RM1,303.06"
2211,"RM1,303.65"
2212,"RM1,304.25"
2213,"RM1,304.84"
2214,"RM1,305.44"
2215,"RM1,306.04"
2216,"RM1,306.63"
2217,"RM1,307.23"
2218,"RM1,307.83"
2219,"RM1,308.42"
2220,"RM1,309.02"
2221,"RM1,309.62"
2222,"RM1,310.21"
2223,"RM1,310.81"
2224,"RM1,311.41"
2225,"RM1,312.00"
2226,"RM1,312.60"
2227,"RM1,313.20"
2228,"RM1,313.79"
2229,"RM1,314.39"
2230,"RM1,314.99"
2231,"RM1,315.58"
2232,"RM1,316.18"
2233,"RM1,316.78"
2234,"RM1,317.37"
2235,"RM1,317.97"
2236,"RM1,318.57"
2237,"RM1,319.16"
2238,"RM1,319.76"
2239,"RM1,320.36"
2240,"RM1,320.95"
2241,"RM1,321.55"
2242,"RM1,322.14"
2243,"RM1,322.74"
2244,"RM1,323.34"
2245,"RM1,323.93"
2246,"RM1,324.53"
2247,"RM1,325.13"
2248,"RM1,325.72"
2249,"RM1,326.32"
2250,"RM1,326.92"
2251,"RM1,327.51"
2252,"RM1,328.11"
2253,"RM1,328.71"
2254,"RM1,329.30"
2255,"RM1,329.90"
2256,"RM1,330.50"
2257,"RM1,331.09"
2258,"RM1,331.69"
2259,"RM1,332.29"
2260,"RM1,332.88"
2261,"RM1,333.48"
2262,"RM1,334.08"
2263,"RM1,334.67"
2264,"RM1,335.27"
2265,"RM1,335.87"
2266,"RM1,336.46"
2267,"RM1,337.06"
2268,"RM1,337.66"
2269,"RM1,338.25"
2270,"RM1,338.85"
2271,"RM1,339.45"
2272,"RM1,340.04"
2273,"RM1,340.64"
2274,"RM1,341.23"
2275,"RM1,341.83"
2276,"RM1,342.43"
2277,"RM1,343.02"
2278,"RM1,343.62"
2279,"RM1,344.22"
2280,"RM1,344.81"
2281,"RM1,345.41"
2282,"RM1,346.01"
2283,"RM1,346.60"
2284,"RM1,347.20"
2285,"RM1,347.80"
2286,"RM1,348.39"
2287,"RM1,348.99"
2288,"RM1,349.59"
2289,"RM1,350.18"
2290,"RM1,350.78"
2291,"RM1,351.38"
2292,"RM1,351.97"
2293,"RM1,352.57"
2294,"RM1,353.17"
2295,"RM1,353.76"
2296,"RM1,354.36"
2297,"RM1,354.96"
2298,"RM1,355.55"
2299,"RM1,356.15"
2300,"RM1,356.75"
2301,"RM1,357.34"
2302,"RM1,357.94"
2303,"RM1,358.53"
2304,"RM1,359.13"
2305,"RM1,359.73"
2306,"RM1,360.32"
2307,"RM1,360.92"
2308,"RM1,361.52"
2309,"RM1,362.11"
2310,"RM1,362.71"
2311,"RM1,363.31"
2312,"RM1,363.90"
2313,"RM1,364.50"
2314,"RM1,365.10"
2315,"RM1,365.69"
2316,"RM1,366.29"
2317,"RM1,366.89"
2318,"RM1,367.48"
2319,"RM1,368.08"
2320,"RM1,368.68"
2321,"RM1,369.27"
2322,"RM1,369.87"
2323,"RM1,370.47"
2324,"RM1,371.06"
2325,"RM1,371.66"
2326,"RM1,372.26"
2327,"RM1,372.85"
2328,"RM1,373.45"
2329,"RM1,374.05"
2330,"RM1,374.64"
2331,"RM1,375.24"
2332,"RM1,375.83"
2333,"RM1,376.43"
2334,"RM1,377.03"
2335,"RM1,377.62"
2336,"RM1,378.22"
2337,"RM1,378.82"
2338,"RM1,379.41"
2339,"RM1,380.01"
2340,"RM1,380.61"
2341,"RM1,381.20"
2342,"RM1,381.80"
2343,"RM1,382.40"
2344,"RM1,382.99"
2345,"RM1,383.59"
2346,"RM1,384.19"
2347,"RM1,384.78"
2348,"RM1,385.38"
2349,"RM1,385.98"
2350,"RM1,386.57"
2351,"RM1,387.17"
2352,"RM1,387.77"
2353,"RM1,388.36"
2354,"RM1,388.96"
2355,"RM1,389.56"
2356,"RM1,390.15"
2357,"RM1,390.75"
2358,"RM1,391.35"
2359,"RM1,391.94"
2360,"RM1,392.54"
2361,"RM1,393.13"
2362,"RM1,393.73"
2363,"RM1,394.33"
2364,"RM1,394.92"
2365,"RM1,395.52"
2366,"RM1,396.12"
2367,"RM1,396.71"
2368,"RM1,397.31"
2369,"RM1,397.91"
2370,"RM1,398.50"
2371,"RM1,399.10"
2372,"RM1,399.70"
2373,"RM1,400.29"
2374,"RM1,400.89"
2375,"RM1,401.49"
2376,"RM1,402.08"
2377,"RM1,402.68"
2378,"RM1,403.28"
2379,"RM1,403.87"
2380,"RM1,404.47"
2381,"RM1,405.07"
2382,"RM1,405.66"
2383,"RM1,406.26"
2384,"RM1,406.86"
2385,"RM1,407.45"
2386,"RM1,408.05"
2387,"RM1,408.65"
2388,"RM1,409.24"
2389,"RM1,409.84"
2390,"RM1,410.43"
2391,"RM1,411.03"
2392,"RM1,411.63"
2393,"RM1,412.22"
2394,"RM1,412.82"
2395,"RM1,413.42"
2396,"RM1,414.01"
2397,"RM1,414.61"
2398,"RM1,415.21"
2399,"RM1,415.80"
2400,"RM1,416.40"
2401,"RM1,417.00"
2402,"RM1,417.59"
2403,"RM1,418.19"
2404,"RM1,418.79"
2405,"RM1,419.38"
2406,"RM1,419.98"
2407,"RM1,420.58"
2408,"RM1,421.17"
2409,"RM1,421.77"
2410,"RM1,422.37"
2411,"RM1,422.96"
2412,"RM1,423.56"
2413,"RM1,424.16"
2414,"RM1,424.75"
2415,"RM1,425.35"
2416,"RM1,425.95"
2417,"RM1,426.54"
2418,"RM1,427.14"
2419,"RM1,427.73"
2420,"RM1,428.33"
2421,"RM1,428.93"
2422,"RM1,429.52"
2423,"RM1,430.12"
2424,"RM1,430.72"
2425,"RM1,431.31"
2426,"RM1,431.91"
2427,"RM1,432.51"
2428,"RM1,433.10"
2429,"RM1,433.70"
2430,"RM1,434.30"
2431,"RM1,434.89"
2432,"RM1,435.49"
2433,"RM1,436.09"
2434,"RM1,436.68"
2435,"RM1,437.28"
2436,"RM1,437.88"
2437,"RM1,438.47"
2438,"RM1,439.07"
2439,"RM1,439.67"
2440,"RM1,440.26"
2441,"RM1,440.86"
2442,"RM1,441.46"
2443,"RM1,442.05"
2444,"RM1,442.65"
2445,"RM1,443.25"
2446,"RM1,443.84"
2447,"RM1,444.44"
2448,"RM1,445.03"
2449,"RM1,445.63"
2450,"RM1,446.23"
2451,"RM1,446.82"
2452,"RM1,447.42"
2453,"RM1,448.02"
2454,"RM1,448.61"
2455,"RM1,449.21"
2456,"RM1,449.81"
2457,"RM1,450.40"
2458,"RM1,451.00"
2459,"RM1,451.60"
2460,"RM1,452.19"
2461,"RM1,452.79"
2462,"RM1,453.39"
2463,"RM1,453.98"
2464,"RM1,454.58"
2465,"RM1,455.18"
2466,"RM1,455.77"
2467,"RM1,456.37"
2468,"RM1,456.97"
2469,"RM1,457.56"
2470,"RM1,458.16"
2471,"RM1,458.76"
2472,"RM1,459.35"
2473,"RM1,459.95"
2474,"RM1,460.55"
2475,"RM1,461.14"
2476,"RM1,461.74"
2477,"RM1,462.33"
2478,"RM1,462.93"
2479,"RM1,463.53"
2480,"RM1,464.12"
2481,"RM1,464.72"
2482,"RM1,465.32"
2483,"RM1,465.91"
2484,"RM1,466.51"
2485,"RM1,467.11"
2486,"RM1,467.70"
2487,"RM1,468.30"
2488,"RM1,468.90"
2489,"RM1,469.49"
2490,"RM1,470.09"
2491,"RM1,470.69"
2492,"RM1,471.28"
2493,"RM1,471.88"
2494,"RM1,472.48"
2495,"RM1,473.07"
2496,"RM1,473.67"
2497,"RM1,474.27"
2498,"RM1,474.86"
2499,"RM1,475.46"
2500,"RM1,476.06"
2501,"RM1,476.65"
2502,"RM1,477.25"
2503,"RM1,477.85"
2504,"RM1,478.44"
2505,"RM1,479.04"
2506,"RM1,479.63"
2507,"RM1,480.23"
2508,"RM1,480.83"
2509,"RM1,481.42"
2510,"RM1,482.02"
2511,"RM1,482.62"
2512,"RM1,483.21"
2513,"RM1,483.81"
2514,"RM1,484.41"
2515,"RM1,485.00"
2516,"RM1,485.60"
2517,"RM1,486.20"
2518,"RM1,486.79"
2519,"RM1,487.39"
2520,"RM1,487.99"
2521,"RM1,488.58"
2522,"RM1,489.18"
2523,"RM1,489.78"
2524,"RM1,490.37"
2525,"RM1,490.97"
2526,"RM1,491.57"
2527,"RM1,492.16"
2528,"RM1,492.76"
2529,"RM1,493.36"
2530,"RM1,493.95"
2531,"RM1,494.55"
2532,"RM1,495.15"
2533,"RM1,495.74"
2534,"RM1,496.34"
2535,"RM1,496.93"
2536,"RM1,497.53"
2537,"RM1,498.13"
2538,"RM1,498.72"
2539,"RM1,499.32"
2540,"RM1,499.92"
2541,"RM1,500.51"
2542,"RM1,501.11"
2543,"RM1,501.71"
2544,"RM1,502.30"
2545,"RM1,502.90"
2546,"RM1,503.50"
2547,"RM1,504.09"
2548,"RM1,504.69"
2549,"RM1,505.29"
2550,"RM1,505.88"
2551,"RM1,506.48"
2552,"RM1,507.08"
2553,"RM1,507.67"
2554,"RM1,508.27"
2555,"RM1,508.87"
2556,"RM1,509.46"
2557,"RM1,510.06"
2558,"RM1,510.66"
2559,"RM1,511.25"
2560,"RM1,511.85"
2561,"RM1,512.45"
2562,"RM1,513.04"
2563,"RM1,513.64"
2564,"RM1,514.23"
2565,"RM1,514.83"
2566,"RM1,515.43"
2567,"RM1,516.02"
2568,"RM1,516.62"
2569,"RM1,517.22"
2570,"RM1,517.81"
2571,"RM1,518.41"
2572,"RM1,519.01"
2573,"RM1,519.60"
2574,"RM1,520.20"
2575,"RM1,520.80"
2576,"RM1,521.39"
2577,"RM1,521.99"
2578,"RM1,522.59"
2579,"RM1,523.18"
2580,"RM1,523.78"
2581,"RM1,524.38"
2582,"RM1,524.97"
2583,"RM1,525.57"
2584,"RM1,526.17"
2585,"RM1,526.76"
2586,"RM1,527.36"
2587,"RM1,527.96"
2588,"RM1,528.55"
2589,"RM1,529.15"
2590,"RM1,529.75"
2591,"RM1,530.34"
2592,"RM1,530.94"
2593,"RM1,531.54"
2594,"RM1,532.13"
2595,"RM1,532.73"
2596,"RM1,533.32"
2597,"RM1,533.92"
2598,"RM1,534.52"
2599,"RM1,535.11"
2600,"RM1,535.71"
2601,"RM1,536.31"
2602,"RM1,536.90"
2603,"RM1,537.50"
2604,"RM1,538.10"
2605,"RM1,538.69"
2606,"RM1,539.29"
2607,"RM1,539.89"
2608,"RM1,540.48"
2609,"RM1,541.08"
2610,"RM1,541.68"
2611,"RM1,542.27"
2612,"RM1,542.87"
2613,"RM1,543.47"
2614,"RM1,544.06"
2615,"RM1,544.66"
2616,"RM1,545.26"
2617,"RM1,545.85"
2618,"RM1,546.45"
2619,"RM1,547.05"
2620,"RM1,547.64"
2621,"RM1,548.24"
2622,"RM1,548.84"
2623,"RM1,549.43"
2624,"RM1,550.03"
2625,"RM1,550.62"
2626,"RM1,551.22"
2627,"RM1,551.82"
2628,"RM1,552.41"
2629,"RM1,553.01"
2630,"RM1,553.61"
2631,"RM1,554.20"
2632,"RM1,554.80"
2633,"RM1,555.40"
2634,"RM1,555.99"
2635,"RM1,556.59"
2636,"RM1,557.19"
2637,"RM1,557.78"
2638,"RM1,558.38"
2639,"RM1,558.98"
2640,"RM1,559.57"
2641,"RM1,560.17"
2642,"RM1,560.77"
2643,"RM1,561.36"
2644,"RM1,561.96"
2645,"RM1,562.56"
2646,"RM1,563.15"
2647,"RM1,563.75"
2648,"RM1,564.35"
2649,"RM1,564.94"
2650,"RM1,565.54"
2651,"RM1,566.14"
2652,"RM1,566.73"
2653,"RM1,567.33"
2654,"RM1,567.92"
2655,"RM1,568.52"
2656,"RM1,569.12"
2657,"RM1,569.71"
2658,"RM1,570.31"
2659,"RM1,570.91"
2660,"RM1,571.50"
2661,"RM1,572.10"
2662,"RM1,572.70"
2663,"RM1,573.29"
2664,"RM1,573.89"
2665,"RM1,574.49"
2666,"RM1,575.08"
2667,"RM1,575.68"
2668,"RM1,576.28"
2669,"RM1,576.87"
2670,"RM1,577.47"
2671,"RM1,578.07"
2672,"RM1,578.66"
2673,"RM1,579.26"
2674,"RM1,579.86"
2675,"RM1,580.45"
2676,"RM1,581.05"
2677,"RM1,581.65"
2678,"RM1,582.24"
2679,"RM1,582.84"
2680,"RM1,583.44"
2681,"RM1,584.03"
2682,"RM1,584.63"
2683,"RM1,585.22"
2684,"RM1,585.82"
2685,"RM1,586.42"
2686,"RM1,587.01"
2687,"RM1,587.61"
2688,"RM1,588.21"
2689,"RM1,588.80"
2690,"RM1,589.40"
2691,"RM1,590.00"
2692,"RM1,590.59"
2693,"RM1,591.19"
2694,"RM1,591.79"
2695,"RM1,592.38"
2696,"RM1,592.98"
2697,"RM1,593.58"
2698,"RM1,594.17"
2699,"RM1,594.77"
2700,"RM1,595.37"
2701,"RM1,595.96"
2702,"RM1,596.56"
2703,"RM1,597.16"
2704,"RM1,597.75"
2705,"RM1,598.35"
2706,"RM1,598.95"
2707,"RM1,599.54"
2708,"RM1,600.14"
2709,"RM1,600.74"
2710,"RM1,601.33"
2711,"RM1,601.93"
2712,"RM1,602.52"
2713,"RM1,603.12"
2714,"RM1,603.72"
2715,"RM1,604.31"
2716,"RM1,604.91"
2717,"RM1,605.51"
2718,"RM1,606.10"
2719,"RM1,606.70"
2720,"RM1,607.30"
2721,"RM1,607.89"
2722,"RM1,608.49"
2723,"RM1,609.09"
2724,"RM1,609.68"
2725,"RM1,610.28"
2726,"RM1,610.88"
2727,"RM1,611.47"
2728,"RM1,612.07"
2729,"RM1,612.67"
2730,"RM1,613.26"
2731,"RM1,613.86"
2732,"RM1,614.46"
2733,"RM1,615.05"
2734,"RM1,615.65"
2735,"RM1,616.25"
2736,"RM1,616.84"
2737,"RM1,617.44"
2738,"RM1,618.04"
2739,"RM1,618.63"
2740,"RM1,619.23"
2741,"RM1,619.82"
2742,"RM1,620.42"
2743,"RM1,621.02"
2744,"RM1,621.61"
2745,"RM1,622.21"
2746,"RM1,622.81"
2747,"RM1,623.40"
2748,"RM1,624.00"
2749,"RM1,624.60"
2750,"RM1,625.19"
2751,"RM1,625.79"
2752,"RM1,626.39"
2753,"RM1,626.98"
2754,"RM1,627.58"
2755,"RM1,628.18"
2756,"RM1,628.77"
2757,"RM1,629.37"
2758,"RM1,629.97"
2759,"RM1,630.56"
2760,"RM1,631.16"
2761,"RM1,631.76"
2762,"RM1,632.35"
2763,"RM1,632.95"
2764,"RM1,633.55"
2765,"RM1,634.14"
2766,"RM1,634.74"
2767,"RM1,635.34"
2768,"RM1,635.93"
2769,"RM1,636.53"
2770,"RM1,637.12"
2771,"RM1,637.72"
2772,"RM1,638.32"
2773,"RM1,638.91"
2774,"RM1,639.51"
2775,"RM1,640.11"
2776,"RM1,640.70"
2777,"RM1,641.30"
2778,"RM1,641.90"
2779,"RM1,642.49"
2780,"RM1,643.09"
2781,"RM1,643.69"
2782,"RM1,644.28"
2783,"RM1,644.88"
2784,"RM1,645.48"
2785,"RM1,646.07"
2786,"RM1,646.67"
2787,"RM1,647.27"
2788,"RM1,647.86"
2789,"RM1,648.46"
2790,"RM1,649.06"
2791,"RM1,649.65"
2792,"RM1,650.25"
2793,"RM1,650.85"
2794,"RM1,651.44"
2795,"RM1,652.04"
2796,"RM1,652.64"
2797,"RM1,653.23"
2798,"RM1,653.83"
2799,"RM1,654.42"
2800,"RM1,655.02"
2801,"RM1,655.62"
2802,"RM1,656.21"
2803,"RM1,656.81"
2804,"RM1,657.41"
2805,"RM1,658.00"
2806,"RM1,658.60"
2807,"RM1,659.20"
2808,"RM1,659.79"
2809,"RM1,660.39"
2810,"RM1,660.99"
2811,"RM1,661.58"
2812,"RM1,662.18"
2813,"RM1,662.78"
2814,"RM1,663.37"
2815,"RM1,663.97"
2816,"RM1,664.57"
2817,"RM1,665.16"
2818,"RM1,665.76"
2819,"RM1,666.36"
2820,"RM1,666.95"
2821,"RM1,667.55"
2822,"RM1,668.15"
2823,"RM1,668.74"
2824,"RM1,669.34"
2825,"RM1,669.94"
2826,"RM1,670.53"
2827,"RM1,671.13"
2828,"RM1,671.72"
2829,"RM1,672.32"
2830,"RM1,672.92"
2831,"RM1,673.51"
2832,"RM1,674.11"
2833,"RM1,674.71"
2834,"RM1,675.30"
2835,"RM1,675.90"
2836,"RM1,676.50"
2837,"RM1,677.09"
2838,"RM1,677.69"
2839,"RM1,678.29"
2840,"RM1,678.88"
2841,"RM1,679.48"
2842,"RM1,680.08"
2843,"RM1,680.67"
2844,"RM1,681.27"
2845,"RM1,681.87"
2846,"RM1,682.46"
2847,"RM1,683.06"
2848,"RM1,683.66"
2849,"RM1,684.25"
2850,"RM1,684.85"
2851,"RM1,685.45"
2852,"RM1,686.04"
2853,"RM1,686.64"
2854,"RM1,687.24"
2855,"RM1,687.83"
2856,"RM1,688.43"
2857,"RM1,689.02"
2858,"RM1,689.62"
2859,"RM1,690.22"
2860,"RM1,690.81"
2861,"RM1,691.41"
2862,"RM1,692.01"
2863,"RM1,692.60"
2864,"RM1,693.20"
2865,"RM1,693.80"
2866,"RM1,694.39"
2867,"RM1,694.99"
2868,"RM1,695.59"
2869,"RM1,696.18"
2870,"RM1,696.78"
2871,"RM1,697.38"
2872,"RM1,697.97"
2873,"RM1,698.57"
2874,"RM1,699.17"
2875,"RM1,699.76"
2876,"RM1,700.36"
2877,"RM1,700.96"
2878,"RM1,701.55"
2879,"RM1,702.15"
2880,"RM1,702.75"
2881,"RM1,703.34"
2882,"RM1,703.94"
2883,"RM1,704.54"
2884,"RM1,705.13"
2885,"RM1,705.73"
2886,"RM1,706.32"
2887,"RM1,706.92"
2888,"RM1,707.52"
2889,"RM1,708.11"
2890,"RM1,708.71"
2891,"RM1,709.31"
2892,"RM1,709.90"
2893,"RM1,710.50"
2894,"RM1,711.10"
2895,"RM1,711.69"
2896,"RM1,712.29"
2897,"RM1,712.89"
2898,"RM1,713.48"
2899,"RM1,714.08"
2900,"RM1,714.68"
2901,"RM1,715.27"
2902,"RM1,715.87"
2903,"RM1,716.47"
2904,"RM1,717.06"
2905,"RM1,717.66"
2906,"RM1,718.26"
2907,"RM1,718.85"
2908,"RM1,719.45"
2909,"RM1,720.05"
2910,"RM1,720.64"
2911,"RM1,721.24"
2912,"RM1,721.84"
2913,"RM1,722.43"
2914,"RM1,723.03"
2915,"RM1,723.63"
2916,"RM1,724.22"
2917,"RM1,724.82"
2918,"RM1,725.41"
2919,"RM1,726.01"
2920,"RM1,726.61"
2921,"RM1,727.20"
2922,"RM1,727.80"
2923,"RM1,728.40"
2924,"RM1,728.99"
2925,"RM1,729.59"
2926,"RM1,730.19"
2927,"RM1,730.78"
2928,"RM1,731.38"
2929,"RM1,731.98"
2930,"RM1,732.57"
2931,"RM1,733.17"
2932,"RM1,733.77"
2933,"RM1,734.36"
2934,"RM1,734.96"
2935,"RM1,735.56"
2936,"RM1,736.15"
2937,"RM1,736.75"
2938,"RM1,737.35"
2939,"RM1,737.94"
2940,"RM1,738.54"
2941,"RM1,739.14"
2942,"RM1,739.73"
2943,"RM1,740.33"
2944,"RM1,740.93"
2945,"RM1,741.52"
2946,"RM1,742.12"
2947,"RM1,742.71"
2948,"RM1,743.31"
2949,"RM1,743.91"
2950,"RM1,744.50"
2951,"RM1,745.10"
2952,"RM1,745.70"
2953,"RM1,746.29"
2954,"RM1,746.89"
2955,"RM1,747.49"
2956,"RM1,748.08"
2957,"RM1,748.68"
2958,"RM1,749.28"
2959,"RM1,749.87"
2960,"RM1,750.47"
2961,"RM1,751.07"
2962,"RM1,751.66"
2963,"RM1,752.26"
2964,"RM1,752.86"
2965,"RM1,753.45"
2966,"RM1,754.05"
2967,"RM1,754.65"
2968,"RM1,755.24"
2969,"RM1,755.84"
2970,"RM1,756.44"
2971,"RM1,757.03"
2972,"RM1,757.63"
2973,"RM1,758.23"
2974,"RM1,758.82"
2975,"RM1,759.42"
2976,"RM1,760.01"
2977,"RM1,760.61"
2978,"RM1,761.21"
2979,"RM1,761.80"
2980,"RM1,762.40"
2981,"RM1,763.00"
2982,"RM1,763.59"
2983,"RM1,764.19"
2984,"RM1,764.79"
2985,"RM1,765.38"
2986,"RM1,765.98"
2987,"RM1,766.58"
2988,"RM1,767.17"
2989,"RM1,767.77"
2990,"RM1,768.37"
2991,"RM1,768.96"
2992,"RM1,769.56"
2993,"RM1,770.16"
2994,"RM1,770.75"
2995,"RM1,771.35"
2996,"RM1,771.95"
2997,"RM1,772.54"
2998,"RM1,773.14"
2999,"RM1,773.74"
3000,"RM1,774.33"
3001,"RM1,774.93"
3002,"RM1,775.53"
3003,"RM1,776.12"
3004,"RM1,776.72"
3005,"RM1,777.31"
3006,"RM1,777.91"
3007,"RM1,778.51"
3008,"RM1,779.10"
3009,"RM1,779.70"
3010,"RM1,780.30"
3011,"RM1,780.89"
3012,"RM1,781.49"
3013,"RM1,782.09"
3014,"RM1,782.68"
3015,"RM1,783.28"
3016,"RM1,783.88"
3017,"RM1,784.47"
3018,"RM1,785.07"
3019,"RM1,785.67"
3020,"RM1,786.26"
3021,"RM1,786.86"
3022,"RM1,787.46"
3023,"RM1,788.05"
3024,"RM1,788.65"
3025,"RM1,789.25"
3026,"RM1,789.84"
3027,"RM1,790.44"
3028,"RM1,791.04"
3029,"RM1,791.63"
3030,"RM1,792.23"
3031,"RM1,792.83"
3032,"RM1,793.42"
3033,"RM1,794.02"
3034,"RM1,794.61"
3035,"RM1,795.21"
3036,"RM1,795.81"
3037,"RM1,796.40"
3038,"RM1,797.00"
3039,"RM1,797.60"
3040,"RM1,798.19"
3041,"RM1,798.79"
3042,"RM1,799.39"
3043,"RM1,799.98"
3044,"RM1,800.58"
3045,"RM1,801.18"
3046,"RM1,801.77"
3047,"RM1,802.37"
3048,"RM1,802.97"
3049,"RM1,803.56"
3050,"RM1,804.16"
3051,"RM1,804.76"
3052,"RM1,805.35"
3053,"RM1,805.95"
3054,"RM1,806.55"
3055,"RM1,807.14"
3056,"RM1,807.74"
3057,"RM1,808.34"
3058,"RM1,808.93"
3059,"RM1,809.53"
3060,"RM1,810.13"
3061,"RM1,810.72"
3062,"RM1,811.32"
3063,"RM1,811.91"
3064,"RM1,812.51"
3065,"RM1,813.11"
3066,"RM1,813.70"
3067,"RM1,814.30"
3068,"RM1,814.90"
3069,"RM1,815.49"
3070,"RM1,816.09"
3071,"RM1,816.69"
3072,"RM1,817.28"
3073,"RM1,817.88"
3074,"RM1,818.48"
3075,"RM1,819.07"
3076,"RM1,819.67"
3077,"RM1,820.27"
3078,"RM1,820.86"
3079,"RM1,821.46"
3080,"RM1,822.06"
3081,"RM1,822.65"
3082,"RM1,823.25"
3083,"RM1,823.85"
3084,"RM1,824.44"
3085,"RM1,825.04"
3086,"RM1,825.64"
3087,"RM1,826.23"
3088,"RM1,826.83"
3089,"RM1,827.43"
3090,"RM1,828.02"
3091,"RM1,828.62"
3092,"RM1,829.21"
3093,"RM1,829.81"
3094,"RM1,830.41"
3095,"RM1,831.00"
3096,"RM1,831.60"
3097,"RM1,832.20"
3098,"RM1,832.79"
3099,"RM1,833.39"
3100,"RM1,833.99"
3101,"RM1,834.58"
3102,"RM1,835.18"
3103,"RM1,835.78"
3104,"RM1,836.37"
3105,"RM1,836.97"
3106,"RM1,837.57"
3107,"RM1,838.16"
3108,"RM1,838.76"
3109,"RM1,839.36"
3110,"RM1,839.95"
3111,"RM1,840.55"
3112,"RM1,841.15"
3113,"RM1,841.74"
3114,"RM1,842.34"
3115,"RM1,842.94"
3116,"RM1,843.53"
3117,"RM1,844.13"
3118,"RM1,844.73"
3119,"RM1,845.32"
3120,"RM1,845.92"
3121,"RM1,846.51"
3122,"RM1,847.11"
3123,"RM1,847.71"
3124,"RM1,848.30"
3125,"RM1,848.90"
3126,"RM1,849.50"
3127,"RM1,850.09"
3128,"RM1,850.69"
3129,"RM1,851.29"
3130,"RM1,851.88"
3131,"RM1,852.48"
3132,"RM1,853.08"
3133,"RM1,853.67"
3134,"RM1,854.27"
3135,"RM1,854.87"
3136,"RM1,855.46"
3137,"RM1,856.06"
3138,"RM1,856.66"
3139,"RM1,857.25"
3140,"RM1,857.85"
3141,"RM1,858.45"
3142,"RM1,859.04"
3143,"RM1,859.64"
3144,"RM1,860.24"
3145,"RM1,860.83"
3146,"RM1,861.43"
3147,"RM1,862.03"
3148,"RM1,862.62"
3149,"RM1,863.22"
3150,"RM1,863.81"
3151,"RM1,864.41"
3152,"RM1,865.01"
3153,"RM1,865.60"
3154,"RM1,866.20"
3155,"RM1,866.80"
3156,"RM1,867.39"
3157,"RM1,867.99"
3158,"RM1,868.59"
3159,"RM1,869.18"
3160,"RM1,869.78"
3161,"RM1,870.38"
3162,"RM1,870.97"
3163,"RM1,871.57"
3164,"RM1,872.17"
3165,"RM1,872.76"
3166,"RM1,873.36"
3167,"RM1,873.96"
3168,"RM1,874.55"
3169,"RM1,875.15"
3170,"RM1,875.75"
3171,"RM1,876.34"
3172,"RM1,876.94"
3173,"RM1,877.54"
3174,"RM1,878.13"
3175,"RM1,878.73"
3176,"RM1,879.33"
3177,"RM1,879.92"
3178,"RM1,880.52"
3179,"RM1,881.11"
3180,"RM1,881.71"
3181,"RM1,882.31"
3182,"RM1,882.90"
3183,"RM1,883.50"
3184,"RM1,884.10"
3185,"RM1,884.69"
3186,"RM1,885.29"
3187,"RM1,885.89"
3188,"RM1,886.48"
3189,"RM1,887.08"
3190,"RM1,887.68"
3191,"RM1,888.27"
3192,"RM1,888.87"
3193,"RM1,889.47"
3194,"RM1,890.06"
3195,"RM1,890.66"
3196,"RM1,891.26"
3197,"RM1,891.85"
3198,"RM1,892.45"
3199,"RM1,893.05"
3200,"RM1,893.64"
3201,"RM1,894.24"
3202,"RM1,894.84"
3203,"RM1,895.43"
3204,"RM1,896.03"
3205,"RM1,896.63"
3206,"RM1,897.22"
3207,"RM1,897.82"
3208,"RM1,898.41"
3209,"RM1,899.01"
3210,"RM1,899.61"
3211,"RM1,900.20"
3212,"RM1,900.80"
3213,"RM1,901.40"
3214,"RM1,901.99"
3215,"RM1,902.59"
3216,"RM1,903.19"
3217,"RM1,903.78"
3218,"RM1,904.38"
3219,"RM1,904.98"
3220,"RM1,905.57"
3221,"RM1,906.17"
3222,"RM1,906.77"
3223,"RM1,907.36"
3224,"RM1,907.96"
3225,"RM1,908.56"
3226,"RM1,909.15"
3227,"RM1,909.75"
3228,"RM1,910.35"
3229,"RM1,910.94"
3230,"RM1,911.54"
3231,"RM1,912.14"
3232,"RM1,912.73"
3233,"RM1,913.33"
3234,"RM1,913.93"
3235,"RM1,914.52"
3236,"RM1,915.12"
3237,"RM1,915.72"
3238,"RM1,916.31"
3239,"RM1,916.91"
3240,"RM1,917.50"
3241,"RM1,918.10"
3242,"RM1,918.70"
3243,"RM1,919.29"
3244,"RM1,919.89"
3245,"RM1,920.49"
3246,"RM1,921.08"
3247,"RM1,921.68"
3248,"RM1,922.28"
3249,"RM1,922.87"
3250,"RM1,923.47"
3251,"RM1,924.07"
3252,"RM1,924.66"
3253,"RM1,925.26"
3254,"RM1,925.86"
3255,"RM1,926.45"
3256,"RM1,927.05"
3257,"RM1,927.65"
3258,"RM1,928.24"
3259,"RM1,928.84"
3260,"RM1,929.44"
3261,"RM1,930.03"
3262,"RM1,930.63"
3263,"RM1,931.23"
3264,"RM1,931.82"
3265,"RM1,932.42"
3266,"RM1,933.02"
3267,"RM1,933.61"
3268,"RM1,934.21"
3269,"RM1,934.80"
3270,"RM1,935.40"
3271,"RM1,936.00"
3272,"RM1,936.59"
3273,"RM1,937.19"
3274,"RM1,937.79"
3275,"RM1,938.38"
3276,"RM1,938.98"
3277,"RM1,939.58"
3278,"RM1,940.17"
3279,"RM1,940.77"
3280,"RM1,941.37"
3281,"RM1,941.96"
3282,"RM1,942.56"
3283,"RM1,943.16"
3284,"RM1,943.75"
3285,"RM1,944.35"
3286,"RM1,944.95"
3287,"RM1,945.54"
3288,"RM1,946.14"
3289,"RM1,946.74"
3290,"RM1,947.33"
3291,"RM1,947.93"
3292,"RM1,948.53"
3293,"RM1,949.12"
3294,"RM1,949.72"
3295,"RM1,950.32"
3296,"RM1,950.91"
3297,"RM1,951.51"
3298,"RM1,952.10"
3299,"RM1,952.70"
3300,"RM1,953.30"
3301,"RM1,953.89"
3302,"RM1,954.49"
3303,"RM1,955.09"
3304,"RM1,955.68"
3305,"RM1,956.28"
3306,"RM1,956.88"
3307,"RM1,957.47"
3308,"RM1,958.07"
3309,"RM1,958.67"
3310,"RM1,959.26"
3311,"RM1,959.86"
3312,"RM1,960.46"
3313,"RM1,961.05"
3314,"RM1,961.65"
3315,"RM1,962.25"
3316,"RM1,962.84"
3317,"RM1,963.44"
3318,"RM1,964.04"
3319,"RM1,964.63"
3320,"RM1,965.23"
3321,"RM1,965.83"
3322,"RM1,966.42"
3323,"RM1,967.02"
3324,"RM1,967.62"
3325,"RM1,968.21"
3326,"RM1,968.81"
3327,"RM1,969.40"
3328,"RM1,970.00"
3329,"RM1,970.60"
3330,"RM1,971.19"
3331,"RM1,971.79"
3332,"RM1,972.39"
3333,"RM1,972.98"
3334,"RM1,973.58"
3335,"RM1,974.18"
3336,"RM1,974.77"
3337,"RM1,975.37"
3338,"RM1,975.97"
3339,"RM1,976.56"
3340,"RM1,977.16"
3341,"RM1,977.76"
3342,"RM1,978.35"
3343,"RM1,978.95"
3344,"RM1,979.55"
3345,"RM1,980.14"
3346,"RM1,980.74"
3347,"RM1,981.34"
3348,"RM1,981.93"
3349,"RM1,982.53"
3350,"RM1,983.13"
3351,"RM1,983.72"
3352,"RM1,984.32"
3353,"RM1,984.92"
3354,"RM1,985.51"
3355,"RM1,986.11"
3356,"RM1,986.70"
3357,"RM1,987.30"
3358,"RM1,987.90"
3359,"RM1,988.49"
3360,"RM1,989.09"
3361,"RM1,989.69"
3362,"RM1,990.28"
3363,"RM1,990.88"
3364,"RM1,991.48"
3365,"RM1,992.07"
3366,"RM1,992.67"
3367,"RM1,993.27"
3368,"RM1,993.86"
3369,"RM1,994.46"
3370,"RM1,995.06"
3371,"RM1,995.65"
3372,"RM1,996.25"
3373,"RM1,996.85"
3374,"RM1,997.44"
3375,"RM1,998.04"
3376,"RM1,998.64"
3377,"RM1,999.23"
3378,"RM1,999.83"
3379,"RM2,000.43"
3380,"RM2,001.02"
3381,"RM2,001.62"
3382,"RM2,002.22"
3383,"RM2,002.81"
3384,"RM2,003.41"
3385,"RM2,004.00"
3386,"RM2,004.60"
3387,"RM2,005.20"
3388,"RM2,005.79"
3389,"RM2,006.39"
3390,"RM2,006.99"
3391,"RM2,007.58"
3392,"RM2,008.18"
3393,"RM2,008.78"
3394,"RM2,009.37"
3395,"RM2,009.97"
3396,"RM2,010.57"
3397,"RM2,011.16"
3398,"RM2,011.76"
3399,"RM2,012.36"
3400,"RM2,012.95"
3401,"RM2,013.55"
3402,"RM2,014.15"
3403,"RM2,014.74"
3404,"RM2,015.34"
3405,"RM2,015.94"
3406,"RM2,016.53"
3407,"RM2,017.13"
3408,"RM2,017.73"
3409,"RM2,018.32"
3410,"RM2,018.92"
3411,"RM2,019.52"
3412,"RM2,020.11"
3413,"RM2,020.71"
3414,"RM2,021.30"
3415,"RM2,021.90"
3416,"RM2,022.50"
3417,"RM2,023.09"
3418,"RM2,023.69"
3419,"RM2,024.29"
3420,"RM2,024.88"
3421,"RM2,025.48"
3422,"RM2,026.08"
3423,"RM2,026.67"
3424,"RM2,027.27"
3425,"RM2,027.87"
3426,"RM2,028.46"
3427,"RM2,029.06"
3428,"RM2,029.66"
3429,"RM2,030.25"
3430,"RM2,030.85"
3431,"RM2,031.45"
3432,"RM2,032.04"
3433,"RM2,032.64"
3434,"RM2,033.24"
3435,"RM2,033.83"
3436,"RM2,034.43"
3437,"RM2,035.03"
3438,"RM2,035.62"
3439,"RM2,036.22"
3440,"RM2,036.82"
3441,"RM2,037.41"
3442,"RM2,038.01"
3443,"RM2,038.60"
3444,"RM2,039.20"
3445,"RM2,039.80"
3446,"RM2,040.39"
3447,"RM2,040.99"
3448,"RM2,041.59"
3449,"RM2,042.18"
3450,"RM2,042.78"
3451,"RM2,043.38"
3452,"RM2,043.97"
3453,"RM2,044.57"
3454,"RM2,045.17"
3455,"RM2,045.76"
3456,"RM2,046.36"
3457,"RM2,046.96"
3458,"RM2,047.55"
3459,"RM2,048.15"
3460,"RM2,048.75"
3461,"RM2,049.34"
3462,"RM2,049.94"
3463,"RM2,050.54"
3464,"RM2,051.13"
3465,"RM2,051.73"
3466,"RM2,052.33"
3467,"RM2,052.92"
3468,"RM2,053.52"
3469,"RM2,054.12"
3470,"RM2,054.71"
3471,"RM2,055.31"
3472,"RM2,055.90"
3473,"RM2,056.50"
3474,"RM2,057.10"
3475,"RM2,057.69"
3476,"RM2,058.29"
3477,"RM2,058.89"
3478,"RM2,059.48"
3479,"RM2,060.08"
3480,"RM2,060.68"
3481,"RM2,061.27"
3482,"RM2,061.87"
3483,"RM2,062.47"
3484,"RM2,063.06"
3485,"RM2,063.66"
3486,"RM2,064.26"
3487,"RM2,064.85"
3488,"RM2,065.45"
3489,"RM2,066.05"
3490,"RM2,066.64"
3491,"RM2,067.24"
3492,"RM2,067.84"
3493,"RM2,068.43"
3494,"RM2,069.03"
3495,"RM2,069.63"
3496,"RM2,070.22"
3497,"RM2,070.82"
3498,"RM2,071.42"
3499,"RM2,072.01"
3500,"RM2,072.61"
3501,"RM2,073.20"
3502,"RM2,073.80"
3503,"RM2,074.40"
3504,"RM2,074.99"
3505,"RM2,075.59"
3506,"RM2,076.19"
3507,"RM2,076.78"
3508,"RM2,077.38"
3509,"RM2,077.98"
3510,"RM2,078.57"
3511,"RM2,079.17"
3512,"RM2,079.77"
3513,"RM2,080.36"
3514,"RM2,080.96"
3515,"RM2,081.56"
3516,"RM2,082.15"
3517,"RM2,082.75"
3518,"RM2,083.35"
3519,"RM2,083.94"
3520,"RM2,084.54"
3521,"RM2,085.14"
3522,"RM2,085.73"
3523,"RM2,086.33"
3524,"RM2,086.93"
3525,"RM2,087.52"
3526,"RM2,088.12"
3527,"RM2,088.72"
3528,"RM2,089.31"
3529,"RM2,089.91"
3530,"RM2,090.50"
3531,"RM2,091.10"
3532,"RM2,091.70"
3533,"RM2,092.29"
3534,"RM2,092.89"
3535,"RM2,093.49"
3536,"RM2,094.08"
3537,"RM2,094.68"
3538,"RM2,095.28"
3539,"RM2,095.87"
3540,"RM2,096.47"
3541,"RM2,097.07"
3542,"RM2,097.66"
3543,"RM2,098.26"
3544,"RM2,098.86"
3545,"RM2,099.45"
3546,"RM2,100.05"
3547,"RM2,100.65"
3548,"RM2,101.24"
3549,"RM2,101.84"
3550,"RM2,102.44"
3551,"RM2,103.03"
3552,"RM2,103.63"
3553,"RM2,104.23"
3554,"RM2,104.82"
3555,"RM2,105.42"
3556,"RM2,106.02"
3557,"RM2,106.61"
3558,"RM2,107.21"
3559,"RM2,107.81"
3560,"RM2,108.40"
3561,"RM2,109.00"
3562,"RM2,109.59"
3563,"RM2,110.19"
3564,"RM2,110.79"
3565,"RM2,111.38"
3566,"RM2,111.98"
3567,"RM2,112.58"
3568,"RM2,113.17"
3569,"RM2,113.77"
3570,"RM2,114.37"
3571,"RM2,114.96"
3572,"RM2,115.56"
3573,"RM2,116.16"
3574,"RM2,116.75"
3575,"RM2,117.35"
3576,"RM2,117.95"
3577,"RM2,118.54"
3578,"RM2,119.14"
3579,"RM2,119.74"
3580,"RM2,120.33"
3581,"RM2,120.93"
3582,"RM2,121.53"
3583,"RM2,122.12"
3584,"RM2,122.72"
3585,"RM2,123.32"
3586,"RM2,123.91"
3587,"RM2,124.51"
3588,"RM2,125.11"
3589,"RM2,125.70"
3590,"RM2,126.30"
3591,"RM2,126.89"
3592,"RM2,127.49"
3593,"RM2,128.09"
3594,"RM2,128.68"
3595,"RM2,129.28"
3596,"RM2,129.88"
3597,"RM2,130.47"
3598,"RM2,131.07"
3599,"RM2,131.67"
3600,"RM2,132.26"
3601,"RM2,132.86"
3602,"RM2,133.46"
3603,"RM2,134.05"
3604,"RM2,134.65"
3605,"RM2,135.25"
3606,"RM2,135.84"
3607,"RM2,136.44"
3608,"RM2,137.04"
3609,"RM2,137.63"
3610,"RM2,138.23"
3611,"RM2,138.83"
3612,"RM2,139.42"
3613,"RM2,140.02"
3614,"RM2,140.62"
3615,"RM2,141.21"
3616,"RM2,141.81"
3617,"RM2,142.41"
3618,"RM2,143.00"
3619,"RM2,143.60"
3620,"RM2,144.19"
3621,"RM2,144.79"
3622,"RM2,145.39"
3623,"RM2,145.98"
3624,"RM2,146.58"
3625,"RM2,147.18"
3626,"RM2,147.77"
3627,"RM2,148.37"
3628,"RM2,148.97"
3629,"RM2,149.56"
3630,"RM2,150.16"
3631,"RM2,150.76"
3632,"RM2,151.35"
3633,"RM2,151.95"
3634,"RM2,152.55"
3635,"RM2,153.14"
3636,"RM2,153.74"
3637,"RM2,154.34"
3638,"RM2,154.93"
3639,"RM2,155.53"
3640,"RM2,156.13"
3641,"RM2,156.72"
3642,"RM2,157.32"
3643,"RM2,157.92"
3644,"RM2,158.51"
3645,"RM2,159.11"
3646,"RM2,159.71"
3647,"RM2,160.30"
3648,"RM2,160.90"
3649,"RM2,161.49"
3650,"RM2,162.09"
3651,"RM2,162.69"
3652,"RM2,163.28"
3653,"RM2,163.88"
3654,"RM2,164.48"
3655,"RM2,165.07"
3656,"RM2,165.67"
3657,"RM2,166.27"
3658,"RM2,166.86"
3659,"RM2,167.46"
3660,"RM2,168.06"
3661,"RM2,168.65"
3662,"RM2,169.25"
3663,"RM2,169.85"
3664,"RM2,170.44"
3665,"RM2,171.04"
3666,"RM2,171.64"
3667,"RM2,172.23"
3668,"RM2,172.83"
3669,"RM2,173.43"
3670,"RM2,174.02"
3671,"RM2,174.62"
3672,"RM2,175.22"
3673,"RM2,175.81"
3674,"RM2,176.41"
3675,"RM2,177.01"
3676,"RM2,177.60"
3677,"RM2,178.20"
3678,"RM2,178.79"
3679,"RM2,179.39"
3680,"RM2,179.99"
3681,"RM2,180.58"
3682,"RM2,181.18"
3683,"RM2,181.78"
3684,"RM2,182.37"
3685,"RM2,182.97"
3686,"RM2,183.57"
3687,"RM2,184.16"
3688,"RM2,184.76"
3689,"RM2,185.36"
3690,"RM2,185.95"
3691,"RM2,186.55"
3692,"RM2,187.15"
3693,"RM2,187.74"
3694,"RM2,188.34"
3695,"RM2,188.94"
3696,"RM2,189.53"
3697,"RM2,190.13"
3698,"RM2,190.73"
3699,"RM2,191.32"
3700,"RM2,191.92"
3701,"RM2,192.52"
3702,"RM2,193.11"
3703,"RM2,193.71"
3704,"RM2,194.31"
3705,"RM2,194.90"
3706,"RM2,195.50"
3707,"RM2,196.09"
3708,"RM2,196.69"
3709,"RM2,197.29"
3710,"RM2,197.88"
3711,"RM2,198.48"
3712,"RM2,199.08"
3713,"RM2,199.67"
3714,"RM2,200.27"
3715,"RM2,200.87"
3716,"RM2,201.46"
3717,"RM2,202.06"
3718,"RM2,202.66"
3719,"RM2,203.25"
3720,"RM2,203.85"
3721,"RM2,204.45"
3722,"RM2,205.04"
3723,"RM2,205.64"
3724,"RM2,206.24"
3725,"RM2,206.83"
3726,"RM2,207.43"
3727,"RM2,208.03"
3728,"RM2,208.62"
3729,"RM2,209.22"
3730,"RM2,209.82"
3731,"RM2,210.41"
3732,"RM2,211.01"
3733,"RM2,211.61"
3734,"RM2,212.20"
3735,"RM2,212.80"
3736,"RM2,213.39"
3737,"RM2,213.99"
3738,"RM2,214.59"
3739,"RM2,215.18"
3740,"RM2,215.78"
3741,"RM2,216.38"
3742,"RM2,216.97"
3743,"RM2,217.57"
3744,"RM2,218.17"
3745,"RM2,218.76"
3746,"RM2,219.36"
3747,"RM2,219.96"
3748,"RM2,220.55"
3749,"RM2,221.15"
3750,"RM2,221.75"
3751,"RM2,222.34"
3752,"RM2,222.94"
3753,"RM2,223.54"
3754,"RM2,224.13"
3755,"RM2,224.73"
3756,"RM2,225.33"
3757,"RM2,225.92"
3758,"RM2,226.52"
3759,"RM2,227.12"
3760,"RM2,227.71"
3761,"RM2,228.31"
3762,"RM2,228.91"
3763,"RM2,229.50"
3764,"RM2,230.10"
3765,"RM2,230.69"
3766,"RM2,231.29"
3767,"RM2,231.89"
3768,"RM2,232.48"
3769,"RM2,233.08"
3770,"RM2,233.68"
3771,"RM2,234.27"
3772,"RM2,234.87"
3773,"RM2,235.47"
3774,"RM2,236.06"
3775,"RM2,236.66"
3776,"RM2,237.26"
3777,"RM2,237.85"
3778,"RM2,238.45"
3779,"RM2,239.05"
3780,"RM2,239.64"
3781,"RM2,240.24"
3782,"RM2,240.84"
3783,"RM2,241.43"
3784,"RM2,242.03"
3785,"RM2,242.63"
3786,"RM2,243.22"
3787,"RM2,243.82"
3788,"RM2,244.42"
3789,"RM2,245.01"
3790,"RM2,245.61"
3791,"RM2,246.21"
3792,"RM2,246.80"
3793,"RM2,247.40"
3794,"RM2,247.99"
3795,"RM2,248.59"
3796,"RM2,249.19"
3797,"RM2,249.78"
3798,"RM2,250.38"
3799,"RM2,250.98"
3800,"RM2,251.57"
3801,"RM2,252.17"
3802,"RM2,252.77"
3803,"RM2,253.36"
3804,"RM2,253.96"
3805,"RM2,254.56"
3806,"RM2,255.15"
3807,"RM2,255.75"
3808,"RM2,256.35"
3809,"RM2,256.94"
3810,"RM2,257.54"
3811,"RM2,258.14"
3812,"RM2,258.73"
3813,"RM2,259.33"
3814,"RM2,259.93"
3815,"RM2,260.52"
3816,"RM2,261.12"
3817,"RM2,261.72"
3818,"RM2,262.31"
3819,"RM2,262.91"
3820,"RM2,263.51"
3821,"RM2,264.10"
3822,"RM2,264.70"
3823,"RM2,265.29"
3824,"RM2,265.89"
3825,"RM2,266.49"
3826,"RM2,267.08"
3827,"RM2,267.68"
3828,"RM2,268.28"
3829,"RM2,268.87"
3830,"RM2,269.47"
3831,"RM2,270.07"
3832,"RM2,270.66"
3833,"RM2,271.26"
3834,"RM2,271.86"
3835,"RM2,272.45"
3836,"RM2,273.05"
3837,"RM2,273.65"
3838,"RM2,274.24"
3839,"RM2,274.84"
3840,"RM2,275.44"
3841,"RM2,276.03"
3842,"RM2,276.63"
3843,"RM2,277.23"
3844,"RM2,277.82"
3845,"RM2,278.42"
3846,"RM2,279.02"
3847,"RM2,279.61"
3848,"RM2,280.21"
3849,"RM2,280.81"
3850,"RM2,281.40"
3851,"RM2,282.00"
3852,"RM2,282.59"
3853,"RM2,283.19"
3854,"RM2,283.79"
3855,"RM2,284.38"
3856,"RM2,284.98"
3857,"RM2,285.58"
3858,"RM2,286.17"
3859,"RM2,286.77"
3860,"RM2,287.37"
3861,"RM2,287.96"
3862,"RM2,288.56"
3863,"RM2,289.16"
3864,"RM2,289.75"
3865,"RM2,290.35"
3866,"RM2,290.95"
3867,"RM2,291.54"
3868,"RM2,292.14"
3869,"RM2,292.74"
3870,"RM2,293.33"
3871,"RM2,293.93"
3872,"RM2,294.53"
3873,"RM2,295.12"
3874,"RM2,295.72"
3875,"RM2,296.32"
3876,"RM2,296.91"
3877,"RM2,297.51"
3878,"RM2,298.11"
3879,"RM2,298.70"
3880,"RM2,299.30"
3881,"RM2,299.90"
3882,"RM2,300.49"
3883,"RM2,301.09"
3884,"RM2,301.68"
3885,"RM2,302.28"
3886,"RM2,302.88"
3887,"RM2,303.47"
3888,"RM2,304.07"
3889,"RM2,304.67"
3890,"RM2,305.26"
3891,"RM2,305.86"
3892,"RM2,306.46"
3893,"RM2,307.05"
3894,"RM2,307.65"
3895,"RM2,308.25"
3896,"RM2,308.84"
3897,"RM2,309.44"
3898,"RM2,310.04"
3899,"RM2,310.63"
3900,"RM2,311.23"
3901,"RM2,311.83"
3902,"RM2,312.42"
3903,"RM2,313.02"
3904,"RM2,313.62"
3905,"RM2,314.21"
3906,"RM2,314.81"
3907,"RM2,315.41"
3908,"RM2,316.00"
3909,"RM2,316.60"
3910,"RM2,317.20"
3911,"RM2,317.79"
3912,"RM2,318.39"
3913,"RM2,318.98"
3914,"RM2,319.58"
3915,"RM2,320.18"
3916,"RM2,320.77"
3917,"RM2,321.37"
3918,"RM2,321.97"
3919,"RM2,322.56"
3920,"RM2,323.16"
3921,"RM2,323.76"
3922,"RM2,324.35"
3923,"RM2,324.95"
3924,"RM2,325.55"
3925,"RM2,326.14"
3926,"RM2,326.74"
3927,"RM2,327.34"
3928,"RM2,327.93"
3929,"RM2,328.53"
3930,"RM2,329.13"
3931,"RM2,329.72"
3932,"RM2,330.32"
3933,"RM2,330.92"
3934,"RM2,331.51"
3935,"RM2,332.11"
3936,"RM2,332.71"
3937,"RM2,333.30"
3938,"RM2,333.90"
3939,"RM2,334.50"
3940,"RM2,335.09"
3941,"RM2,335.69"
3942,"RM2,336.28"
3943,"RM2,336.88"
3944,"RM2,337.48"
3945,"RM2,338.07"
3946,"RM2,338.67"
3947,"RM2,339.27"
3948,"RM2,339.86"
3949,"RM2,340.46"
3950,"RM2,341.06"
3951,"RM2,341.65"
3952,"RM2,342.25"
3953,"RM2,342.85"
3954,"RM2,343.44"
3955,"RM2,344.04"
3956,"RM2,344.64"
3957,"RM2,345.23"
3958,"RM2,345.83"
3959,"RM2,346.43"
3960,"RM2,347.02"
3961,"RM2,347.62"
3962,"RM2,348.22"
3963,"RM2,348.81"
3964,"RM2,349.41"
3965,"RM2,350.01"
3966,"RM2,350.60"
3967,"RM2,351.20"
3968,"RM2,351.80"
3969,"RM2,352.39"
3970,"RM2,352.99"
3971,"RM2,353.58"
3972,"RM2,354.18"
3973,"RM2,354.78"
3974,"RM2,355.37"
3975,"RM2,355.97"
3976,"RM2,356.57"
3977,"RM2,357.16"
3978,"RM2,357.76"
3979,"RM2,358.36"
3980,"RM2,358.95"
3981,"RM2,359.55"
3982,"RM2,360.15"
3983,"RM2,360.74"
3984,"RM2,361.34"
3985,"RM2,361.94"
3986,"RM2,362.53"
3987,"RM2,363.13"
3988,"RM2,363.73"
3989,"RM2,364.32"
3990,"RM2,364.92"
3991,"RM2,365.52"
3992,"RM2,366.11"
3993,"RM2,366.71"
3994,"RM2,367.31"
3995,"RM2,367.90"
3996,"RM2,368.50"
3997,"RM2,369.10"
3998,"RM2,369.69"
3999,"RM2,370.29"
4000,"RM2,370.88"
4001,"RM2,371.48"
4002,"RM2,372.08"
4003,"RM2,372.67"
4004,"RM2,373.27"
4005,"RM2,373.87"
4006,"RM2,374.46"
4007,"RM2,375.06"
4008,"RM2,375.66"
4009,"RM2,376.25"
4010,"RM2,376.85"
4011,"RM2,377.45"
4012,"RM2,378.04"
4013,"RM2,378.64"
4014,"RM2,379.24"
4015,"RM2,379.83"
4016,"RM2,380.43"
4017,"RM2,381.03"
4018,"RM2,381.62"
4019,"RM2,382.22"
4020,"RM2,382.82"
4021,"RM2,383.41"
4022,"RM2,384.01"
4023,"RM2,384.61"
4024,"RM2,385.20"
4025,"RM2,385.80"
4026,"RM2,386.40"
4027,"RM2,386.99"
4028,"RM2,387.59"
4029,"RM2,388.18"
4030,"RM2,388.78"
4031,"RM2,389.38"
4032,"RM2,389.97"
4033,"RM2,390.57"
4034,"RM2,391.17"
4035,"RM2,391.76"
4036,"RM2,392.36"
4037,"RM2,392.96"
4038,"RM2,393.55"
4039,"RM2,394.15"
4040,"RM2,394.75"
4041,"RM2,395.34"
4042,"RM2,395.94"
4043,"RM2,396.54"
4044,"RM2,397.13"
4045,"RM2,397.73"
4046,"RM2,398.33"
4047,"RM2,398.92"
4048,"RM2,399.52"
4049,"RM2,400.12"
4050,"RM2,400.71"
4051,"RM2,401.31"
4052,"RM2,401.91"
4053,"RM2,402.50"
4054,"RM2,403.10"
4055,"RM2,403.70"
4056,"RM2,404.29"
4057,"RM2,404.89"
4058,"RM2,405.48"
4059,"RM2,406.08"
4060,"RM2,406.68"
4061,"RM2,407.27"
4062,"RM2,407.87"
4063,"RM2,408.47"
4064,"RM2,409.06"
4065,"RM2,409.66"
4066,"RM2,410.26"
4067,"RM2,410.85"
4068,"RM2,411.45"
4069,"RM2,412.05"
4070,"RM2,412.64"
4071,"RM2,413.24"
4072,"RM2,413.84"
4073,"RM2,414.43"
4074,"RM2,415.03"
4075,"RM2,415.63"
4076,"RM2,416.22"
4077,"RM2,416.82"
4078,"RM2,417.42"
4079,"RM2,418.01"
4080,"RM2,418.61"
4081,"RM2,419.21"
4082,"RM2,419.80"
4083,"RM2,420.40"
4084,"RM2,421.00"
4085,"RM2,421.59"
4086,"RM2,422.19"
4087,"RM2,422.78"
4088,"RM2,423.38"
4089,"RM2,423.98"
4090,"RM2,424.57"
4091,"RM2,425.17"
4092,"RM2,425.77"
4093,"RM2,426.36"
4094,"RM2,426.96"
4095,"RM2,427.56"
4096,"RM2,428.15"
4097,"RM2,428.75"
4098,"RM2,429.35"
4099,"RM2,429.94"
4100,"RM2,430.54"
4101,"RM2,431.14"
4102,"RM2,431.73"
4103,"RM2,432.33"
4104,"RM2,432.93"
4105,"RM2,433.52"
4106,"RM2,434.12"
4107,"RM2,434.72"
4108,"RM2,435.31"
4109,"RM2,435.91"
4110,"RM2,436.51"
4111,"RM2,437.10"
4112,"RM2,437.70"
4113,"RM2,438.30"
4114,"RM2,438.89"
4115,"RM2,439.49"
4116,"RM2,440.08"
4117,"RM2,440.68"
4118,"RM2,441.28"
4119,"RM2,441.87"
4120,"RM2,442.47"
4121,"RM2,443.07"
4122,"RM2,443.66"
4123,"RM2,444.26"
4124,"RM2,444.86"
4125,"RM2,445.45"
4126,"RM2,446.05"
4127,"RM2,446.65"
4128,"RM2,447.24"
4129,"RM2,447.84"
4130,"RM2,448.44"
4131,"RM2,449.03"
4132,"RM2,449.63"
4133,"RM2,450.23"
4134,"RM2,450.82"
4135,"RM2,451.42"
4136,"RM2,452.02"
4137,"RM2,452.61"
4138,"RM2,453.21"
4139,"RM2,453.81"
4140,"RM2,454.40"
4141,"RM2,455.00"
4142,"RM2,455.60"
4143,"RM2,456.19"
4144,"RM2,456.79"
4145,"RM2,457.38"
4146,"RM2,457.98"
4147,"RM2,458.58"
4148,"RM2,459.17"
4149,"RM2,459.77"
4150,"RM2,460.37"
4151,"RM2,460.96"
4152,"RM2,461.56"
4153,"RM2,462.16"
4154,"RM2,462.75"
4155,"RM2,463.35"
4156,"RM2,463.95"
4157,"RM2,464.54"
4158,"RM2,465.14"
4159,"RM2,465.74"
4160,"RM2,466.33"
4161,"RM2,466.93"
4162,"RM2,467.53"
4163,"RM2,468.12"
4164,"RM2,468.72"
4165,"RM2,469.32"
4166,"RM2,469.91"
4167,"RM2,470.51"
4168,"RM2,471.11"
4169,"RM2,471.70"
4170,"RM2,472.30"
4171,"RM2,472.90"
4172,"RM2,473.49"
4173,"RM2,474.09"
4174,"RM2,474.68"
4175,"RM2,475.28"
4176,"RM2,475.88"
4177,"RM2,476.47"
4178,"RM2,477.07"
4179,"RM2,477.67"
4180,"RM2,478.26"
4181,"RM2,478.86"
4182,"RM2,479.46"
4183,"RM2,480.05"
4184,"RM2,480.65"
4185,"RM2,481.25"
4186,"RM2,481.84"
4187,"RM2,482.44"
4188,"RM2,483.04"
4189,"RM2,483.63"
4190,"RM2,484.23"
4191,"RM2,484.83"
4192,"RM2,485.42"
4193,"RM2,486.02"
4194,"RM2,486.62"
4195,"RM2,487.21"
4196,"RM2,487.81"
4197,"RM2,488.41"
4198,"RM2,489.00"
4199,"RM2,489.60"
4200,"RM2,490.20"
4201,"RM2,490.79"
4202,"RM2,491.39"
4203,"RM2,491.99"
4204,"RM2,492.58"
4205,"RM2,493.18"
4206,"RM2,493.77"
4207,"RM2,494.37"
4208,"RM2,494.97"
4209,"RM2,495.56"
4210,"RM2,496.16"
4211,"RM2,496.76"
4212,"RM2,497.35"
4213,"RM2,497.95"
4214,"RM2,498.55"
4215,"RM2,499.14"
4216,"RM2,499.74"
4217,"RM2,500.34"
4218,"RM2,500.93"
4219,"RM2,501.53"
4220,"RM2,502.13"
4221,"RM2,502.72"
4222,"RM2,503.32"
4223,"RM2,503.92"
4224,"RM2,504.51"
4225,"RM2,505.11"
4226,"RM2,505.71"
4227,"RM2,506.30"
4228,"RM2,506.90"
4229,"RM2,507.50"
4230,"RM2,508.09"
4231,"RM2,508.69"
4232,"RM2,509.29"
4233,"RM2,509.88"
4234,"RM2,510.48"
4235,"RM2,511.07"
4236,"RM2,511.67"
4237,"RM2,512.27"
4238,"RM2,512.86"
4239,"RM2,513.46"
4240,"RM2,514.06"
4241,"RM2,514.65"
4242,"RM2,515.25"
4243,"RM2,515.85"
4244,"RM2,516.44"
4245,"RM2,517.04"
4246,"RM2,517.64"
4247,"RM2,518.23"
4248,"RM2,518.83"
4249,"RM2,519.43"
4250,"RM2,520.02"
4251,"RM2,520.62"
4252,"RM2,521.22"
4253,"RM2,521.81"
4254,"RM2,522.41"
4255,"RM2,523.01"
4256,"RM2,523.60"
4257,"RM2,524.20"
4258,"RM2,524.80"
4259,"RM2,525.39"
4260,"RM2,525.99"
4261,"RM2,526.59"
4262,"RM2,527.18"
4263,"RM2,527.78"
4264,"RM2,528.37"
4265,"RM2,528.97"
4266,"RM2,529.57"
4267,"RM2,530.16"
4268,"RM2,530.76"
4269,"RM2,531.36"
4270,"RM2,531.95"
4271,"RM2,532.55"
4272,"RM2,533.15"
4273,"RM2,533.74"
4274,"RM2,534.34"
4275,"RM2,534.94"
4276,"RM2,535.53"
4277,"RM2,536.13"
4278,"RM2,536.73"
4279,"RM2,537.32"
4280,"RM2,537.92"
4281,"RM2,538.52"
4282,"RM2,539.11"
4283,"RM2,539.71"
4284,"RM2,540.31"
4285,"RM2,540.90"
4286,"RM2,541.50"
4287,"RM2,542.10"
4288,"RM2,542.69"
4289,"RM2,543.29"
4290,"RM2,543.89"
4291,"RM2,544.48"
4292,"RM2,545.08"
4293,"RM2,545.67"
4294,"RM2,546.27"
4295,"RM2,546.87"
4296,"RM2,547.46"
4297,"RM2,548.06"
4298,"RM2,548.66"
4299,"RM2,549.25"
4300,"RM2,549.85"
4301,"RM2,550.45"
4302,"RM2,551.04"
4303,"RM2,551.64"
4304,"RM2,552.24"
4305,"RM2,552.83"
4306,"RM2,553.43"
4307,"RM2,554.03"
4308,"RM2,554.62"
4309,"RM2,555.22"
4310,"RM2,555.82"
4311,"RM2,556.41"
4312,"RM2,557.01"
4313,"RM2,557.61"
4314,"RM2,558.20"
4315,"RM2,558.80"
4316,"RM2,559.40"
4317,"RM2,559.99"
4318,"RM2,560.59"
4319,"RM2,561.19"
4320,"RM2,561.78"
4321,"RM2,562.38"
4322,"RM2,562.97"
4323,"RM2,563.57"
4324,"RM2,564.17"
4325,"RM2,564.76"
4326,"RM2,565.36"
4327,"RM2,565.96"
4328,"RM2,566.55"
4329,"RM2,567.15"
4330,"RM2,567.75"
4331,"RM2,568.34"
4332,"RM2,568.94"
4333,"RM2,569.54"
4334,"RM2,570.13"
4335,"RM2,570.73"
4336,"RM2,571.33"
4337,"RM2,571.92"
4338,"RM2,572.52"
4339,"RM2,573.12"
4340,"RM2,573.71"
4341,"RM2,574.31"
4342,"RM2,574.91"
4343,"RM2,575.50"
4344,"RM2,576.10"
4345,"RM2,576.70"
4346,"RM2,577.29"
4347,"RM2,577.89"
4348,"RM2,578.49"
4349,"RM2,579.08"
4350,"RM2,579.68"
4351,"RM2,580.27"
4352,"RM2,580.87"
4353,"RM2,581.47"
4354,"RM2,582.06"
4355,"RM2,582.66"
4356,"RM2,583.26"
4357,"RM2,583.85"
4358,"RM2,584.45"
4359,"RM2,585.05"
4360,"RM2,585.64"
4361,"RM2,586.24"
4362,"RM2,586.84"
4363,"RM2,587.43"
4364,"RM2,588.03"
4365,"RM2,588.63"
4366,"RM2,589.22"
4367,"RM2,589.82"
4368,"RM2,590.42"
4369,"RM2,591.01"
4370,"RM2,591.61"
4371,"RM2,592.21"
4372,"RM2,592.80"
4373,"RM2,593.40"
4374,"RM2,594.00"
4375,"RM2,594.59"
4376,"RM2,595.19"
4377,"RM2,595.79"
4378,"RM2,596.38"
4379,"RM2,596.98"
4380,"RM2,597.57"
4381,"RM2,598.17"
4382,"RM2,598.77"
4383,"RM2,599.36"
4384,"RM2,599.96"
4385,"RM2,600.56"
4386,"RM2,601.15"
4387,"RM2,601.75"
4388,"RM2,602.35"
4389,"RM2,602.94"
4390,"RM2,603.54"
4391,"RM2,604.14"
4392,"RM2,604.73"
4393,"RM2,605.33"
4394,"RM2,605.93"
4395,"RM2,606.52"
4396,"RM2,607.12"
4397,"RM2,607.72"
4398,"RM2,608.31"
4399,"RM2,608.91"
4400,"RM2,609.51"
4401,"RM2,610.10"
4402,"RM2,610.70"
4403,"RM2,611.30"
4404,"RM2,611.89"
4405,"RM2,612.49"
4406,"RM2,613.09"
4407,"RM2,613.68"
4408,"RM2,614.28"
4409,"RM2,614.87"
4410,"RM2,615.47"
4411,"RM2,616.07"
4412,"RM2,616.66"
4413,"RM2,617.26"
4414,"RM2,617.86"
4415,"RM2,618.45"
4416,"RM2,619.05"
4417,"RM2,619.65"
4418,"RM2,620.24"
4419,"RM2,620.84"
4420,"RM2,621.44"
4421,"RM2,622.03"
4422,"RM2,622.63"
4423,"RM2,623.23"
4424,"RM2,623.82"
4425,"RM2,624.42"
4426,"RM2,625.02"
4427,"RM2,625.61"
4428,"RM2,626.21"
4429,"RM2,626.81"
4430,"RM2,627.40"
4431,"RM2,628.00"
4432,"RM2,628.60"
4433,"RM2,629.19"
4434,"RM2,629.79"
4435,"RM2,630.39"
4436,"RM2,630.98"
4437,"RM2,631.58"
4438,"RM2,632.17"
4439,"RM2,632.77"
4440,"RM2,633.37"
4441,"RM2,633.96"
4442,"RM2,634.56"
4443,"RM2,635.16"
4444,"RM2,635.75"
4445,"RM2,636.35"
4446,"RM2,636.95"
4447,"RM2,637.54"
4448,"RM2,638.14"
4449,"RM2,638.74"
4450,"RM2,639.33"
4451,"RM2,639.93"
4452,"RM2,640.53"
4453,"RM2,641.12"
4454,"RM2,641.72"
4455,"RM2,642.32"
4456,"RM2,642.91"
4457,"RM2,643.51"
4458,"RM2,644.11"
4459,"RM2,644.70"
4460,"RM2,645.30"
4461,"RM2,645.90"
4462,"RM2,646.49"
4463,"RM2,647.09"
4464,"RM2,647.69"
4465,"RM2,648.28"
4466,"RM2,648.88"
4467,"RM2,649.47"
4468,"RM2,650.07"
4469,"RM2,650.67"
4470,"RM2,651.26"
4471,"RM2,651.86"
4472,"RM2,652.46"
4473,"RM2,653.05"
4474,"RM2,653.65"
4475,"RM2,654.25"
4476,"RM2,654.84"
4477,"RM2,655.44"
4478,"RM2,656.04"
4479,"RM2,656.63"
4480,"RM2,657.23"
4481,"RM2,657.83"
4482,"RM2,658.42"
4483,"RM2,659.02"
4484,"RM2,659.62"
4485,"RM2,660.21"
4486,"RM2,660.81"
4487,"RM2,661.41"
4488,"RM2,662.00"
4489,"RM2,662.60"
4490,"RM2,663.20"
4491,"RM2,663.79"
4492,"RM2,664.39"
4493,"RM2,664.99"
4494,"RM2,665.58"
4495,"RM2,666.18"
4496,"RM2,666.77"
4497,"RM2,667.37"
4498,"RM2,667.97"
4499,"RM2,668.56"
4500,"RM2,669.16"
4501,"RM2,669.76"
4502,"RM2,670.35"
4503,"RM2,670.95"
4504,"RM2,671.55"
4505,"RM2,672.14"
4506,"RM2,672.74"
4507,"RM2,673.34"
4508,"RM2,673.93"
4509,"RM2,674.53"
4510,"RM2,675.13"
4511,"RM2,675.72"
4512,"RM2,676.32"
4513,"RM2,676.92"
4514,"RM2,677.51"
4515,"RM2,678.11"
4516,"RM2,678.71"
4517,"RM2,679.30"
4518,"RM2,679.90"
4519,"RM2,680.50"
4520,"RM2,681.09"
4521,"RM2,681.69"
4522,"RM2,682.29"
4523,"RM2,682.88"
4524,"RM2,683.48"
4525,"RM2,684.08"
4526,"RM2,684.67"
4527,"RM2,685.27"
4528,"RM2,685.86"
4529,"RM2,686.46"
4530,"RM2,687.06"
4531,"RM2,687.65"
4532,"RM2,688.25"
4533,"RM2,688.85"
4534,"RM2,689.44"
4535,"RM2,690.04"
4536,"RM2,690.64"
4537,"RM2,691.23"
4538,"RM2,691.83"
4539,"RM2,692.43"
4540,"RM2,693.02"
4541,"RM2,693.62"
4542,"RM2,694.22"
4543,"RM2,694.81"
4544,"RM2,695.41"
4545,"RM2,696.01"
4546,"RM2,696.60"
4547,"RM2,697.20"
4548,"RM2,697.80"
4549,"RM2,698.39"
4550,"RM2,698.99"
4551,"RM2,699.59"
4552,"RM2,700.18"
4553,"RM2,700.78"
4554,"RM2,701.38"
4555,"RM2,701.97"
4556,"RM2,702.57"
4557,"RM2,703.16"
4558,"RM2,703.76"
4559,"RM2,704.36"
4560,"RM2,704.95"
4561,"RM2,705.55"
4562,"RM2,706.15"
4563,"RM2,706.74"
4564,"RM2,707.34"
4565,"RM2,707.94"
4566,"RM2,708.53"
4567,"RM2,709.13"
4568,"RM2,709.73"
4569,"RM2,710.32"
4570,"RM2,710.92"
4571,"RM2,711.52"
4572,"RM2,712.11"
4573,"RM2,712.71"
4574,"RM2,713.31"
4575,"RM2,713.90"
4576,"RM2,714.50"
4577,"RM2,715.10"
4578,"RM2,715.69"
4579,"RM2,716.29"
4580,"RM2,716.89"
4581,"RM2,717.48"
4582,"RM2,718.08"
4583,"RM2,718.68"
4584,"RM2,719.27"
4585,"RM2,719.87"
4586,"RM2,720.46"
4587,"RM2,721.06"
4588,"RM2,721.66"
4589,"RM2,722.25"
4590,"RM2,722.85"
4591,"RM2,723.45"
4592,"RM2,724.04"
4593,"RM2,724.64"
4594,"RM2,725.24"
4595,"RM2,725.83"
4596,"RM2,726.43"
4597,"RM2,727.03"
4598,"RM2,727.62"
4599,"RM2,728.22"
4600,"RM2,728.82"
4601,"RM2,729.41"
4602,"RM2,730.01"
4603,"RM2,730.61"
4604,"RM2,731.20"
4605,"RM2,731.80"
4606,"RM2,732.40"
4607,"RM2,732.99"
4608,"RM2,733.59"
4609,"RM2,734.19"
4610,"RM2,734.78"
4611,"RM2,735.38"
4612,"RM2,735.98"
4613,"RM2,736.57"
4614,"RM2,737.17"
4615,"RM2,737.76"
4616,"RM2,738.36"
4617,"RM2,738.96"
4618,"RM2,739.55"
4619,"RM2,740.15"
4620,"RM2,740.75"
4621,"RM2,741.34"
4622,"RM2,741.94"
4623,"RM2,742.54"
4624,"RM2,743.13"
4625,"RM2,743.73"
4626,"RM2,744.33"
4627,"RM2,744.92"
4628,"RM2,745.52"
4629,"RM2,746.12"
4630,"RM2,746.71"
4631,"RM2,747.31"
4632,"RM2,747.91"
4633,"RM2,748.50"
4634,"RM2,749.10"
4635,"RM2,749.70"
4636,"RM2,750.29"
4637,"RM2,750.89"
4638,"RM2,751.49"
4639,"RM2,752.08"
4640,"RM2,752.68"
4641,"RM2,753.28"
4642,"RM2,753.87"
4643,"RM2,754.47"
4644,"RM2,755.06"
4645,"RM2,755.66"
4646,"RM2,756.26"
4647,"RM2,756.85"
4648,"RM2,757.45"
4649,"RM2,758.05"
4650,"RM2,758.64"
4651,"RM2,759.24"
4652,"RM2,759.84"
4653,"RM2,760.43"
4654,"RM2,761.03"
4655,"RM2,761.63"
4656,"RM2,762.22"
4657,"RM2,762.82"
4658,"RM2,763.42"
4659,"RM2,764.01"
4660,"RM2,764.61"
4661,"RM2,765.21"
4662,"RM2,765.80"
4663,"RM2,766.40"
4664,"RM2,767.00"
4665,"RM2,767.59"
4666,"RM2,768.19"
4667,"RM2,768.79"
4668,"RM2,769.38"
4669,"RM2,769.98"
4670,"RM2,770.58"
4671,"RM2,771.17"
4672,"RM2,771.77"
4673,"RM2,772.36"
4674,"RM2,772.96"
4675,"RM2,773.56"
4676,"RM2,774.15"
4677,"RM2,774.75"
4678,"RM2,775.35"
4679,"RM2,775.94"
4680,"RM2,776.54"
4681,"RM2,777.14"
4682,"RM2,777.73"
4683,"RM2,778.33"
4684,"RM2,778.93"
4685,"RM2,779.52"
4686,"RM2,780.12"
4687,"RM2,780.72"
4688,"RM2,781.31"
4689,"RM2,781.91"
4690,"RM2,782.51"
4691,"RM2,783.10"
4692,"RM2,783.70"
4693,"RM2,784.30"
4694,"RM2,784.89"
4695,"RM2,785.49"
4696,"RM2,786.09"
4697,"RM2,786.68"
4698,"RM2,787.28"
4699,"RM2,787.88"
4700,"RM2,788.47"
4701,"RM2,789.07"
4702,"RM2,789.66"
4703,"RM2,790.26"
4704,"RM2,790.86"
4705,"RM2,791.45"
4706,"RM2,792.05"
4707,"RM2,792.65"
4708,"RM2,793.24"
4709,"RM2,793.84"
4710,"RM2,794.44"
4711,"RM2,795.03"
4712,"RM2,795.63"
4713,"RM2,796.23"
4714,"RM2,796.82"
4715,"RM2,797.42"
4716,"RM2,798.02"
4717,"RM2,798.61"
4718,"RM2,799.21"
4719,"RM2,799.81"
4720,"RM2,800.40"
4721,"RM2,801.00"
4722,"RM2,801.60"
4723,"RM2,802.19"
4724,"RM2,802.79"
4725,"RM2,803.39"
4726,"RM2,803.98"
4727,"RM2,804.58"
4728,"RM2,805.18"
4729,"RM2,805.77"
4730,"RM2,806.37"
4731,"RM2,806.96"
4732,"RM2,807.56"
4733,"RM2,808.16"
4734,"RM2,808.75"
4735,"RM2,809.35"
4736,"RM2,809.95"
4737,"RM2,810.54"
4738,"RM2,811.14"
4739,"RM2,811.74"
4740,"RM2,812.33"
4741,"RM2,812.93"
4742,"RM2,813.53"
4743,"RM2,814.12"
4744,"RM2,814.72"
4745,"RM2,815.32"
4746,"RM2,815.91"
4747,"RM2,816.51"
4748,"RM2,817.11"
4749,"RM2,817.70"
4750,"RM2,818.30"
4751,"RM2,818.90"
4752,"RM2,819.49"
4753,"RM2,820.09"
4754,"RM2,820.69"
4755,"RM2,821.28"
4756,"RM2,821.88"
4757,"RM2,822.48"
4758,"RM2,823.07"
4759,"RM2,823.67"
4760,"RM2,824.26"
4761,"RM2,824.86"
4762,"RM2,825.46"
4763,"RM2,826.05"
4764,"RM2,826.65"
4765,"RM2,827.25"
4766,"RM2,827.84"
4767,"RM2,828.44"
4768,"RM2,829.04"
4769,"RM2,829.63"
4770,"RM2,830.23"
4771,"RM2,830.83"
4772,"RM2,831.42"
4773,"RM2,832.02"
4774,"RM2,832.62"
4775,"RM2,833.21"
4776,"RM2,833.81"
4777,"RM2,834.41"
4778,"RM2,835.00"
4779,"RM2,835.60"
4780,"RM2,836.20"
4781,"RM2,836.79"
4782,"RM2,837.39"
4783,"RM2,837.99"
4784,"RM2,838.58"
4785,"RM2,839.18"
4786,"RM2,839.78"
4787,"RM2,840.37"
4788,"RM2,840.97"
4789,"RM2,841.56"
4790,"RM2,842.16"
4791,"RM2,842.76"
4792,"RM2,843.35"
4793,"RM2,843.95"
4794,"RM2,844.55"
4795,"RM2,845.14"
4796,"RM2,845.74"
4797,"RM2,846.34"
4798,"RM2,846.93"
4799,"RM2,847.53"
4800,"RM2,848.13"
4801,"RM2,848.72"
4802,"RM2,849.32"
4803,"RM2,849.92"
4804,"RM2,850.51"
4805,"RM2,851.11"
4806,"RM2,851.71"
4807,"RM2,852.30"
4808,"RM2,852.90"
4809,"RM2,853.50"
4810,"RM2,854.09"
4811,"RM2,854.69"
4812,"RM2,855.29"
4813,"RM2,855.88"
4814,"RM2,856.48"
4815,"RM2,857.08"
4816,"RM2,857.67"
4817,"RM2,858.27"
4818,"RM2,858.86"
4819,"RM2,859.46"
4820,"RM2,860.06"
4821,"RM2,860.65"
4822,"RM2,861.25"
4823,"RM2,861.85"
4824,"RM2,862.44"
4825,"RM2,863.04"
4826,"RM2,863.64"
4827,"RM2,864.23"
4828,"RM2,864.83"
4829,"RM2,865.43"
4830,"RM2,866.02"
4831,"RM2,866.62"
4832,"RM2,867.22"
4833,"RM2,867.81"
4834,"RM2,868.41"
4835,"RM2,869.01"
4836,"RM2,869.60"
4837,"RM2,870.20"
4838,"RM2,870.80"
4839,"RM2,871.39"
4840,"RM2,871.99"
4841,"RM2,872.59"
4842,"RM2,873.18"
4843,"RM2,873.78"
4844,"RM2,874.38"
4845,"RM2,874.97"
4846,"RM2,875.57"
4847,"RM2,876.17"
4848,"RM2,876.76"
4849,"RM2,877.36"
4850,"RM2,877.95"
4851,"RM2,878.55"
4852,"RM2,879.15"
4853,"RM2,879.74"
4854,"RM2,880.34"
4855,"RM2,880.94"
4856,"RM2,881.53"
4857,"RM2,882.13"
4858,"RM2,882.73"
4859,"RM2,883.32"
4860,"RM2,883.92"
4861,"RM2,884.52"
4862,"RM2,885.11"
4863,"RM2,885.71"
4864,"RM2,886.31"
4865,"RM2,886.90"
4866,"RM2,887.50"
4867,"RM2,888.10"
4868,"RM2,888.69"
4869,"RM2,889.29"
4870,"RM2,889.89"
4871,"RM2,890.48"
4872,"RM2,891.08"
4873,"RM2,891.68"
4874,"RM2,892.27"
4875,"RM2,892.87"
4876,"RM2,893.47"
4877,"RM2,894.06"
4878,"RM2,894.66"
4879,"RM2,895.25"
4880,"RM2,895.85"
4881,"RM2,896.45"
4882,"RM2,897.04"
4883,"RM2,897.64"
4884,"RM2,898.24"
4885,"RM2,898.83"
4886,"RM2,899.43"
4887,"RM2,900.03"
4888,"RM2,900.62"
4889,"RM2,901.22"
4890,"RM2,901.82"
4891,"RM2,902.41"
4892,"RM2,903.01"
4893,"RM2,903.61"
4894,"RM2,904.20"
4895,"RM2,904.80"
4896,"RM2,905.40"
4897,"RM2,905.99"
4898,"RM2,906.59"
4899,"RM2,907.19"
4900,"RM2,907.78"
4901,"RM2,908.38"
4902,"RM2,908.98"
4903,"RM2,909.57"
4904,"RM2,910.17"
4905,"RM2,910.77"
4906,"RM2,911.36"
4907,"RM2,911.96"
4908,"RM2,912.55"
4909,"RM2,913.15"
4910,"RM2,913.75"
4911,"RM2,914.34"
4912,"RM2,914.94"
4913,"RM2,915.54"
4914,"RM2,916.13"
4915,"RM2,916.73"
4916,"RM2,917.33"
4917,"RM2,917.92"
4918,"RM2,918.52"
4919,"RM2,919.12"
4920,"RM2,919.71"
4921,"RM2,920.31"
4922,"RM2,920.91"
4923,"RM2,921.50"
4924,"RM2,922.10"
4925,"RM2,922.70"
4926,"RM2,923.29"
4927,"RM2,923.89"
4928,"RM2,924.49"
4929,"RM2,925.08"
4930,"RM2,925.68"
4931,"RM2,926.28"
4932,"RM2,926.87"
4933,"RM2,927.47"
4934,"RM2,928.07"
4935,"RM2,928.66"
4936,"RM2,929.26"
4937,"RM2,929.85"
4938,"RM2,930.45"
4939,"RM2,931.05"
4940,"RM2,931.64"
4941,"RM2,932.24"
4942,"RM2,932.84"
4943,"RM2,933.43"
4944,"RM2,934.03"
4945,"RM2,934.63"
4946,"RM2,935.22"
4947,"RM2,935.82"
4948,"RM2,936.42"
4949,"RM2,937.01"
4950,"RM2,937.61"
4951,"RM2,938.21"
4952,"RM2,938.80"
4953,"RM2,939.40"
4954,"RM2,940.00"
4955,"RM2,940.59"
4956,"RM2,941.19"
4957,"RM2,941.79"
4958,"RM2,942.38"
4959,"RM2,942.98"
4960,"RM2,943.58"
4961,"RM2,944.17"
4962,"RM2,944.77"
4963,"RM2,945.37"
4964,"RM2,945.96"
4965,"RM2,946.56"
4966,"RM2,947.15"
4967,"RM2,947.75"
4968,"RM2,948.35"
4969,"RM2,948.94"
4970,"RM2,949.54"
4971,"RM2,950.14"
4972,"RM2,950.73"
4973,"RM2,951.33"
4974,"RM2,951.93"
4975,"RM2,952.52"
4976,"RM2,953.12"
4977,"RM2,953.72"
4978,"RM2,954.31"
4979,"RM2,954.91"
4980,"RM2,955.51"
4981,"RM2,956.10"
4982,"RM2,956.70"
4983,"RM2,957.30"
4984,"RM2,957.89"
4985,"RM2,958.49"
4986,"RM2,959.09"
4987,"RM2,959.68"
4988,"RM2,960.28"
4989,"RM2,960.88"
4990,"RM2,961.47"
4991,"RM2,962.07"
4992,"RM2,962.67"
4993,"RM2,963.26"
4994,"RM2,963.86"
4995,"RM2,964.45"
4996,"RM2,965.05"
4997,"RM2,965.65"
4998,"RM2,966.24"
4999,"RM2,966.84"
5000,"RM2,967.44"
5001,"RM2,968.03"
5002,"RM2,968.63"
5003,"RM2,969.23"
5004,"RM2,969.82"
5005,"RM2,970.42"
5006,"RM2,971.02"
5007,"RM2,971.61"
5008,"RM2,972.21"
5009,"RM2,972.81"
5010,"RM2,973.40"
5011,"RM2,974.00"
5012,"RM2,974.60"
5013,"RM2,975.19"
5014,"RM2,975.79"
5015,"RM2,976.39"
5016,"RM2,976.98"
5017,"RM2,977.58"
5018,"RM2,978.18"
5019,"RM2,978.77"
5020,"RM2,979.37"
5021,"RM2,979.97"
5022,"RM2,980.56"
5023,"RM2,981.16"
5024,"RM2,981.75"
5025,"RM2,982.35"
5026,"RM2,982.95"
5027,"RM2,983.54"
5028,"RM2,984.14"
5029,"RM2,984.74"
5030,"RM2,985.33"
5031,"RM2,985.93"
5032,"RM2,986.53"
5033,"RM2,987.12"
5034,"RM2,987.72"
5035,"RM2,988.32"
5036,"RM2,988.91"
5037,"RM2,989.51"
5038,"RM2,990.11"
5039,"RM2,990.70"
5040,"RM2,991.30"
5041,"RM2,991.90"
5042,"RM2,992.49"
5043,"RM2,993.09"
5044,"RM2,993.69"
5045,"RM2,994.28"
5046,"RM2,994.88"
5047,"RM2,995.48"
5048,"RM2,996.07"
5049,"RM2,996.67"
5050,"RM2,997.27"
5051,"RM2,997.86"
5052,"RM2,998.46"
5053,"RM2,999.05"
5054,"RM2,999.65"
5055,"RM3,000.25"
5056,"RM3,000.84"
5057,"RM3,001.44"
5058,"RM3,002.04"
5059,"RM3,002.63"
5060,"RM3,003.23"
5061,"RM3,003.83"
5062,"RM3,004.42"
5063,"RM3,005.02"
5064,"RM3,005.62"
5065,"RM3,006.21"
5066,"RM3,006.81"
5067,"RM3,007.41"
5068,"RM3,008.00"
5069,"RM3,008.60"
5070,"RM3,009.20"
5071,"RM3,009.79"
5072,"RM3,010.39"
5073,"RM3,010.99"
5074,"RM3,011.58"
5075,"RM3,012.18"
5076,"RM3,012.78"
5077,"RM3,013.37"
5078,"RM3,013.97"
5079,"RM3,014.57"
5080,"RM3,015.16"
5081,"RM3,015.76"
5082,"RM3,016.35"
5083,"RM3,016.95"
5084,"RM3,017.55"
5085,"RM3,018.14"
5086,"RM3,018.74"
5087,"RM3,019.34"
5088,"RM3,019.93"
5089,"RM3,020.53"
5090,"RM3,021.13"
5091,"RM3,021.72"
5092,"RM3,022.32"
5093,"RM3,022.92"
5094,"RM3,023.51"
5095,"RM3,024.11"
5096,"RM3,024.71"
5097,"RM3,025.30"
5098,"RM3,025.90"
5099,"RM3,026.50"
5100,"RM3,027.09"
5101,"RM3,027.69"
5102,"RM3,028.29"
5103,"RM3,028.88"
5104,"RM3,029.48"
5105,"RM3,030.08"
5106,"RM3,030.67"
5107,"RM3,031.27"
5108,"RM3,031.87"
5109,"RM3,032.46"
5110,"RM3,033.06"
5111,"RM3,033.65"
5112,"RM3,034.25"
5113,"RM3,034.85"
5114,"RM3,035.44"
5115,"RM3,036.04"
5116,"RM3,036.64"
5117,"RM3,037.23"
5118,"RM3,037.83"
5119,"RM3,038.43"
5120,"RM3,039.02"
5121,"RM3,039.62"
5122,"RM3,040.22"
5123,"RM3,040.81"
5124,"RM3,041.41"
5125,"RM3,042.01"
5126,"RM3,042.60"
5127,"RM3,043.20"
5128,"RM3,043.80"
5129,"RM3,044.39"
5130,"RM3,044.99"
5131,"RM3,045.59"
5132,"RM3,046.18"
5133,"RM3,046.78"
5134,"RM3,047.38"
5135,"RM3,047.97"
5136,"RM3,048.57"
5137,"RM3,049.17"
5138,"RM3,049.76"
5139,"RM3,050.36"
5140,"RM3,050.95"
5141,"RM3,051.55"
5142,"RM3,052.15"
5143,"RM3,052.74"
5144,"RM3,053.34"
5145,"RM3,053.94"
5146,"RM3,054.53"
5147,"RM3,055.13"
5148,"RM3,055.73"
5149,"RM3,056.32"
5150,"RM3,056.92"
5151,"RM3,057.52"
5152,"RM3,058.11"
5153,"RM3,058.71"
5154,"RM3,059.31"
5155,"RM3,059.90"
5156,"RM3,060.50"
5157,"RM3,061.10"
5158,"RM3,061.69"
5159,"RM3,062.29"
5160,"RM3,062.89"
5161,"RM3,063.48"
5162,"RM3,064.08"
5163,"RM3,064.68"
5164,"RM3,065.27"
5165,"RM3,065.87"
5166,"RM3,066.47"
5167,"RM3,067.06"
5168,"RM3,067.66"
5169,"RM3,068.26"
5170,"RM3,068.85"
5171,"RM3,069.45"
5172,"RM3,070.04"
5173,"RM3,070.64"
5174,"RM3,071.24"
5175,"RM3,071.83"
5176,"RM3,072.43"
5177,"RM3,073.03"
5178,"RM3,073.62"
5179,"RM3,074.22"
5180,"RM3,074.82"
5181,"RM3,075.41"
5182,"RM3,076.01"
5183,"RM3,076.61"
5184,"RM3,077.20"
5185,"RM3,077.80"
5186,"RM3,078.40"
5187,"RM3,078.99"
5188,"RM3,079.59"
5189,"RM3,080.19"
5190,"RM3,080.78"
5191,"RM3,081.38"
5192,"RM3,081.98"
5193,"RM3,082.57"
5194,"RM3,083.17"
5195,"RM3,083.77"
5196,"RM3,084.36"
5197,"RM3,084.96"
5198,"RM3,085.56"